Country,Year,Total
Yemen,2022,111.7
Somalia,2022,110.5
Syria,2022,108.4
South Sudan,2022,108.4
Central African Republic,2022,108.1
Congo Democratic Republic,2022,107.29999999999998
Sudan,2022,107.1
Afghanistan,2022,105.90000000000002
Chad,2022,105.7
Myanmar,2022,100.0
Haiti,2022,99.7
Guinea,2022,99.6
Ethiopia,2022,99.3
Mali,2022,98.60000000000002
Zimbabwe,2022,97.8
Nigeria,2022,97.20000000000002
Cameroon,2022,96.0
Eritrea,2022,95.90000000000002
Burundi,2022,95.40000000000002
Niger,2022,95.2
Libya,2022,94.29999999999998
Mozambique,2022,94.29999999999998
Iraq,2022,93.8
Congo Republic,2022,92.2
Uganda,2022,92.1
Venezuela,2022,91.6
Guinea Bissau,2022,91.3
Lebanon,2022,91.29999999999998
Burkina Faso,2022,90.5
Pakistan,2022,89.70000000000002
CÃ´te d'Ivoire,2022,89.60000000000001
North Korea,2022,89.10000000000001
Liberia,2022,88.2
Kenya,2022,88.19999999999997
Angola,2022,88.10000000000001
Mauritania,2022,87.89999999999999
Palestine,2022,85.60000000000001
Bangladesh,2022,84.5
Equatorial Guinea,2022,84.1
Iran,2022,84.1
Rwanda,2022,83.7
Egypt,2022,83.60000000000001
Zambia,2022,83.60000000000001
Togo,2022,83.59999999999998
Malawi,2022,82.99999999999999
Sierra Leone,2022,82.39999999999999
Comoros,2022,82.3
Djibouti,2022,81.3
Nepal,2022,80.6
Cambodia,2022,80.5
Philippines,2022,80.5
Madagascar,2022,80.4
Swaziland,2022,80.4
Solomon Islands,2022,80.39999999999999
Papua New Guinea,2022,79.49999999999999
Sri Lanka,2022,79.30000000000001
Timor-Leste,2022,79.3
Honduras,2022,78.69999999999999
Gambia,2022,78.6
Colombia,2022,78.39999999999999
Tanzania,2022,78.2
Turkey,2022,78.1
Nicaragua,2022,77.69999999999999
Guatemala,2022,77.5
Lesotho,2022,77.4
Kyrgyzstan,2022,77.1
Jordan,2022,76.60000000000001
Laos,2022,75.5
India,2022,75.3
Tajikistan,2022,75.0
Brazil,2022,73.9
Bolivia,2022,73.4
Azerbaijan,2022,73.10000000000001
Bosnia and Herzegovina,2022,73.0
Russia,2022,72.6
Benin,2022,72.5
Algeria,2022,72.2
Senegal,2022,72.10000000000001
South Africa,2022,72.0
Georgia,2022,71.8
Micronesia,2022,71.0
El Salvador,2022,70.8
Sao Tome and Principe,2022,70.4
Mexico,2022,70.3
Morocco,2022,70.1
Thailand,2022,70.0
Peru,2022,69.8
Uzbekistan,2022,69.6
Ecuador,2022,69.1
Fiji,2022,68.9
Belarus,2022,68.69999999999999
Ukraine,2022,68.6
Tunisia,2022,68.2
Serbia,2022,67.8
Saudi Arabia,2022,67.5
Bhutan,2022,67.39999999999999
Armenia,2022,67.00000000000001
China,2022,66.9
Gabon,2022,66.7
Bahrain,2022,66.60000000000001
Indonesia,2022,66.60000000000001
Turkmenistan,2022,66.5
Paraguay,2022,65.4
Samoa,2022,64.8
Maldives,2022,64.50000000000001
Moldova,2022,64.5
Guyana,2022,64.19999999999999
Ghana,2022,63.0
Namibia,2022,62.9
Dominican Republic,2022,62.8
North Macedonia,2022,62.6
Jamaica,2022,62.1
Belize,2022,62.1
Cabo Verde,2022,61.4
Vietnam,2022,60.9
Suriname,2022,60.8
Cuba,2022,60.10000000000001
Kazakhstan,2022,59.5
Montenegro,2022,57.900000000000006
Cyprus,2022,56.900000000000006
Albania,2022,56.7
Malaysia,2022,56.4
Botswana,2022,56.1
Greece,2022,55.8
Brunei Darussalam,2022,55.1
Grenada,2022,54.3
Antigua and Barbuda,2022,54.2
Seychelles,2022,54.2
Trinidad and Tobago,2022,52.4
Kuwait,2022,52.2
Bulgaria,2022,51.6
Mongolia,2022,51.6
Hungary,2022,50.8
Romania,2022,50.8
Bahamas,2022,50.6
Oman,2022,49.5
Croatia,2022,49.29999999999999
Argentina,2022,47.9
Panama,2022,47.5
United States,2022,46.6
Barbados,2022,45.9
Spain,2022,44.4
Italy,2022,43.4
Chile,2022,43.2
Latvia,2022,42.8
Israel,2022,42.6
Qatar,2022,42.3
Poland,2022,42.2
Costa Rica,2022,41.0
United Kingdom,2022,40.6
Czechia,2022,39.89999999999999
United Arab Emirates,2022,39.1
Lithuania,2022,38.6
Mauritius,2022,37.900000000000006
Estonia,2022,37.7
Slovakia,2022,37.1
Uruguay,2022,35.2
Malta,2022,34.7
South Korea,2022,32.7
Belgium,2022,31.9
Japan,2022,31.0
France,2022,30.9
Slovenia,2022,27.7
Portugal,2022,27.500000000000004
Singapore,2022,25.8
Austria,2022,25.4
Germany,2022,23.6
Australia,2022,22.7
Netherlands,2022,22.1
Sweden,2022,20.9
Ireland,2022,20.8
Canada,2022,20.1
Luxembourg,2022,20.0
Switzerland,2022,18.9
Denmark,2022,18.1
New Zealand,2022,17.5
Iceland,2022,17.1
Norway,2022,15.6
Finland,2022,15.100000000000003
Somalia,2023,111.9
Yemen,2023,108.9
South Sudan,2023,108.5
Congo Democratic Republic,2023,107.19999999999996
Syria,2023,107.1
Afghanistan,2023,106.6
Sudan,2023,106.2
Central African Republic,2023,105.70000000000002
Chad,2023,104.6
Haiti,2023,102.9
Ethiopia,2023,100.4
Myanmar,2023,100.19999999999996
Mali,2023,99.5
Guinea,2023,98.5
Nigeria,2023,98.0
Zimbabwe,2023,96.9
Libya,2023,96.1
Ukraine,2023,95.9
Eritrea,2023,94.5
Burundi,2023,94.2
Burkina Faso,2023,94.0
Mozambique,2023,94.0
Cameroon,2023,94.0
Niger,2023,93.4
Lebanon,2023,91.79999999999998
Uganda,2023,91.5
Iraq,2023,91.4
Congo Republic,2023,90.7
Venezuela,2023,90.5
Sri Lanka,2023,90.3
Guinea Bissau,2023,89.90000000000002
Pakistan,2023,89.89999999999999
Liberia,2023,88.89999999999999
Palestine,2023,87.9
Kenya,2023,87.8
Cote d'Ivoire,2023,87.10000000000001
Mauritania,2023,87.0
North Korea,2023,87.0
Angola,2023,86.9
Iran,2023,85.39999999999999
Bangladesh,2023,85.19999999999999
Equatorial Guinea,2023,84.4
Malawi,2023,83.2
Rwanda,2023,82.30000000000001
Comoros,2023,82.2
Djibouti,2023,82.19999999999999
Togo,2023,82.1
Zambia,2023,81.8
Madagascar,2023,81.7
Egypt,2023,81.6
Sierra Leone,2023,81.39999999999999
Turkey,2023,81.19999999999999
Russia,2023,80.7
Cambodia,2023,80.30000000000001
Nepal,2023,80.2
Solomon Islands,2023,79.60000000000001
Honduras,2023,79.6
Swaziland,2023,79.1
Colombia,2023,78.1
Papua New Guinea,2023,78.1
Philippines,2023,77.8
Nicaragua,2023,77.7
Timor-Leste,2023,77.5
Guatemala,2023,77.3
Tanzania,2023,76.6
Lesotho,2023,76.3
Gambia,2023,76.10000000000001
Jordan,2023,75.7
Kyrgyz Republic,2023,75.60000000000001
Laos,2023,74.69999999999999
Brazil,2023,74.5
Tajikistan,2023,74.2
India,2023,74.10000000000001
Benin,2023,73.30000000000001
Peru,2023,73.10000000000001
Azerbaijan,2023,72.69999999999999
Bosnia and Herzegovina,2023,72.3
South Africa,2023,72.0
Georgia,2023,71.89999999999999
Senegal,2023,71.50000000000001
Bolivia,2023,70.7
Fiji,2023,70.19999999999999
Algeria,2023,69.99999999999999
Belarus,2023,69.9
Mexico,2023,69.8
Sao Tome and Principe,2023,69.7
Ecuador,2023,69.39999999999999
Micronesia,2023,69.30000000000001
El Salvador,2023,69.3
Morocco,2023,68.19999999999999
Thailand,2023,68.0
Serbia,2023,67.9
Armenia,2023,67.5
Moldova,2023,67.39999999999999
Uzbekistan,2023,66.80000000000001
Bhutan,2023,66.4
Tunisia,2023,66.39999999999999
Indonesia,2023,65.60000000000001
Gabon,2023,65.50000000000001
Saudi Arabia,2023,65.3
Samoa,2023,65.1
Bahrain,2023,65.1
China,2023,65.1
Turkmenistan,2023,64.5
Paraguay,2023,63.7
Maldives,2023,62.9
Ghana,2023,62.29999999999999
Jamaica,2023,61.90000000000001
Guyana,2023,61.6
Dominican Republic,2023,60.8
Kazakhstan,2023,60.6
Namibia,2023,60.3
Macedonia,2023,60.3
Cape Verde,2023,60.1
Belize,2023,59.8
Suriname,2023,59.7
Cuba,2023,59.49999999999999
Vietnam,2023,58.3
Montenegro,2023,57.99999999999999
Cyprus,2023,57.0
Albania,2023,56.8
Botswana,2023,55.29999999999999
Greece,2023,55.1
Malaysia,2023,55.0
Brunei Darussalam,2023,54.7
Antigua and Barbuda,2023,53.8
Grenada,2023,53.7
Seychelles,2023,53.3
Romania,2023,53.0
Trinidad and Tobago,2023,52.89999999999999
Bulgaria,2023,51.8
Mongolia,2023,51.3
Kuwait,2023,51.2
Bahamas,2023,49.2
Hungary,2023,48.8
Panama,2023,48.7
Oman,2023,48.7
Croatia,2023,48.7
Argentina,2023,46.4
Barbados,2023,45.400000000000006
United States,2023,45.3
Poland,2023,45.2
Israel,2023,44.1
Spain,2023,43.49999999999999
Latvia,2023,43.3
Italy,2023,42.6
Chile,2023,42.2
United Kingdom,2023,41.9
Qatar,2023,40.5
Costa Rica,2023,40.4
Czech Republic,2023,40.2
Lithuania,2023,39.39999999999999
Estonia,2023,38.6
Mauritius,2023,38.0
Slovak Republic,2023,37.8
United Arab Emirates,2023,37.0
Uruguay,2023,34.4
Malta,2023,33.0
South Korea,2023,31.5
Belgium,2023,31.4
Japan,2023,30.500000000000004
France,2023,28.8
Slovenia,2023,27.3
Portugal,2023,25.7
Singapore,2023,25.5
Germany,2023,24.6
Austria,2023,24.399999999999995
Australia,2023,22.0
Netherlands,2023,21.0
Sweden,2023,20.6
Luxembourg,2023,19.5
Ireland,2023,19.5
Canada,2023,18.9
Denmark,2023,17.900000000000002
Switzerland,2023,17.799999999999997
New Zealand,2023,16.7
Finland,2023,16.0
Iceland,2023,15.7
Norway,2023,14.5
Somalia,2009,114.7
Zimbabwe,2009,114.0
Sudan,2009,112.4
Chad,2009,112.2
Congo Democratic Republic,2009,108.7
Iraq,2009,108.6
Afghanistan,2009,108.2
Central African Republic,2009,105.4
Guinea,2009,104.6
Pakistan,2009,104.1
Cote d'Ivoire,2009,102.5
Haiti,2009,101.8
Myanmar,2009,101.5
Kenya,2009,101.4
Nigeria,2009,99.8
Ethiopia,2009,98.9
North Korea,2009,98.3
Bangladesh,2009,98.1
Yemen,2009,98.1
Timor-Leste,2009,97.2
Uganda,2009,96.9
Sri Lanka,2009,96.7
Niger,2009,96.5
Burundi,2009,95.7
Nepal,2009,95.4
Cameroon,2009,95.3
Guinea Bissau,2009,94.8
Malawi,2009,93.8
Lebanon,2009,93.5
Congo Republic,2009,93.1
Uzbekistan,2009,92.8
Sierra Leone,2009,92.1
Georgia,2009,91.8
Liberia,2009,91.8
Burkina Faso,2009,91.3
Eritrea,2009,90.3
Tajikistan,2009,90.3
Iran,2009,90.0
Syria,2009,89.8
Solomon Islands,2009,89.6
Colombia,2009,89.2
Kyrgyz Republic,2009,89.1
Egypt,2009,89.0
Laos,2009,89.0
Rwanda,2009,89.0
Mauritania,2009,88.7
Equatorial Guinea,2009,88.3
Bhutan,2009,87.3
Cambodia,2009,87.3
Togo,2009,87.2
Bolivia,2009,86.3
Comoros,2009,86.3
Philippines,2009,85.8
Moldova,2009,85.1
Angola,2009,85.0
Azerbaijan,2009,84.6
China,2009,84.6
Israel and West Bank,2009,84.6
Turkmenistan,2009,84.3
Zambia,2009,84.2
Indonesia,2009,84.1
Papua New Guinea,2009,84.1
Bosnia and Herzegovina,2009,83.3
Nicaragua,2009,82.6
Swaziland,2009,82.4
Belarus,2009,82.3
Lesotho,2009,81.8
Madagascar,2009,81.6
Ecuador,2009,81.2
Tanzania,2009,81.1
Russia,2009,80.8
Mozambique,2009,80.7
Algeria,2009,80.6
Cuba,2009,80.6
Djibouti,2009,80.6
Guatemala,2009,80.6
Venezuela,2009,79.5
Serbia  ,2009,79.2
Thailand,2009,79.2
Gambia,2009,79.0
Fiji,2009,78.8
Maldives,2009,78.8
Mali,2009,78.7
Cape Verde,2009,78.5
Turkey,2009,78.2
Jordan,2009,77.9
India,2009,77.8
Dominican Republic,2009,77.7
Saudi Arabia,2009,77.5
El Salvador,2009,77.2
Honduras,2009,77.2
Morocco,2009,77.1
Peru,2009,77.1
Vietnam,2009,76.9
Sao Tome and Principe,2009,76.7
Namibia,2009,75.6
Benin,2009,75.5
Mexico,2009,75.4
Gabon,2009,74.4
Macedonia,2009,74.4
Armenia,2009,74.3
Senegal,2009,74.2
Suriname,2009,73.2
Guyana,2009,73.0
Kazakhstan,2009,72.5
Paraguay,2009,72.0
Micronesia,2009,71.9
Samoa,2009,71.4
Albania,2009,70.0
Ukraine,2009,69.7
Belize,2009,69.5
Libya,2009,69.4
Brazil,2009,69.1
Cyprus,2009,68.9
Malaysia,2009,68.9
Botswana,2009,68.8
Jamaica,2009,68.6
Brunei Darussalam,2009,68.1
Grenada,2009,67.9
Seychelles,2009,67.7
Tunisia,2009,67.6
South Africa,2009,67.4
Trinidad and Tobago,2009,66.7
Ghana,2009,66.2
Kuwait,2009,63.4
Antigua and Barbuda,2009,62.8
Mongolia,2009,61.9
Bulgaria,2009,61.5
Romania,2009,61.3
Bahamas,2009,60.9
Croatia,2009,60.1
Panama,2009,59.7
Bahrain,2009,59.0
Montenegro,2009,58.0
Barbados,2009,57.2
Latvia,2009,54.6
Costa Rica,2009,52.5
Qatar,2009,51.9
United Arab Emirates,2009,51.8
Estonia,2009,51.2
Hungary,2009,50.7
Poland,2009,49.6
Malta,2009,48.8
Slovak Republic,2009,48.6
Lithuania,2009,48.0
Oman,2009,47.2
Greece,2009,46.1
Argentina,2009,44.7
Mauritius,2009,44.7
Italy,2009,43.9
Spain,2009,43.3
Czech Republic,2009,42.6
South Korea,2009,41.6
Uruguay,2009,41.2
Chile,2009,37.5
Slovenia,2009,36.3
Germany,2009,36.2
France,2009,35.3
United States,2009,34.0
Singapore,2009,33.8
United Kingdom,2009,33.6
Belgium,2009,33.5
Portugal,2009,32.7
Japan,2009,31.2
Iceland,2009,29.0
Canada,2009,27.7
Austria,2009,27.6
Luxembourg,2009,27.6
Netherlands,2009,27.0
Australia,2009,25.9
New Zealand,2009,23.3
Denmark,2009,23.2
Ireland,2009,21.6
Switzerland,2009,21.2
Sweden,2009,20.6
Finland,2009,19.2
Norway,2009,18.3
Yemen,2021,111.7
Somalia,2021,110.9
Syria,2021,110.7
South Sudan,2021,109.4
Congo Democratic Republic,2021,108.4
Central African Republic,2021,107.0
Chad,2021,105.8
Sudan,2021,105.2
Afghanistan,2021,102.1
Zimbabwe,2021,99.1
Ethiopia,2021,99.0
Nigeria,2021,98.0
Haiti,2021,97.5
Guinea,2021,97.4
Cameroon,2021,97.2
Burundi,2021,97.1
Eritrea,2021,97.0
Libya,2021,97.0
Mali,2021,96.6
Iraq,2021,96.2
Niger,2021,96.0
Mozambique,2021,93.9
Myanmar,2021,93.79999999999998
Uganda,2021,92.9
Venezuela,2021,92.6
Congo Republic,2021,92.4
Guinea Bissau,2021,92.0
Cote d'Ivoire,2021,90.7
Pakistan,2021,90.5
North Korea,2021,89.99999999999999
Liberia,2021,89.49999999999999
Kenya,2021,89.2
Mauritania,2021,89.10000000000001
Lebanon,2021,89.0
Angola,2021,89.0
Burkina Faso,2021,87.1
Palestine,2021,86.0
Togo,2021,85.1
Bangladesh,2021,85.0
Egypt,2021,85.0
Rwanda,2021,84.99999999999999
Zambia,2021,84.89999999999999
Iran,2021,84.5
Equatorial Guinea,2021,84.10000000000001
Sierra Leone,2021,83.4
Malawi,2021,83.2
Eswatini,2021,82.5
Comoros,2021,82.49999999999999
Djibouti,2021,82.39999999999999
Philippines,2021,82.39999999999999
Nepal,2021,82.2
Timor-Leste,2021,80.9
Papua New Guinea,2021,80.89999999999999
Cambodia,2021,80.60000000000001
Sri Lanka,2021,80.50000000000001
Gambia,2021,80.5
Turkey,2021,79.7
Madagascar,2021,79.49999999999999
Honduras,2021,79.4
Guatemala,2021,79.4
Solomon Islands,2021,79.30000000000001
Colombia,2021,79.3
Tanzania,2021,79.3
Lesotho,2021,77.9
Nicaragua,2021,77.1
India,2021,76.99999999999999
Jordan,2021,76.8
Kyrgyzstan,2021,76.4
Laos,2021,76.0
Brazil,2021,75.79999999999998
Azerbaijan,2021,75.10000000000001
Tajikistan,2021,75.1
Bolivia,2021,74.89999999999998
Algeria,2021,73.6
Russia,2021,73.59999999999998
Senegal,2021,73.39999999999999
Bosnia and Herzegovina,2021,72.89999999999999
Benin,2021,72.8
Georgia,2021,72.6
Uzbekistan,2021,72.00000000000001
Micronesia,2021,71.7
El Salvador,2021,71.6
Sao Tome and Principe,2021,71.5
Morocco,2021,71.5
Peru,2021,71.4
Ecuador,2021,71.2
Thailand,2021,70.89999999999999
Fiji,2021,70.4
South Africa,2021,70.0
Mexico,2021,69.89999999999999
Armenia,2021,69.8
Ukraine,2021,69.8
Saudi Arabia,2021,69.7
Tunisia,2021,69.19999999999999
China,2021,68.89999999999999
Bhutan,2021,68.3
Turkmenistan,2021,68.20000000000002
Belarus,2021,67.99999999999999
Indonesia,2021,67.6
Maldives,2021,67.6
Serbia,2021,67.4
Gabon,2021,67.4
Moldova,2021,67.0
Bahrain,2021,66.7
Paraguay,2021,66.4
Guyana,2021,66.1
Dominican Republic,2021,64.7
North Macedonia,2021,64.5
Namibia,2021,64.30000000000001
Samoa,2021,64.2
Cabo Verde,2021,64.2
Belize,2021,64.2
Ghana,2021,63.900000000000006
Vietnam,2021,63.29999999999999
Suriname,2021,61.50000000000001
Kazakhstan,2021,61.20000000000001
Jamaica,2021,61.2
Cuba,2021,59.5
Albania,2021,59.00000000000001
Montenegro,2021,58.49999999999999
Cyprus,2021,57.39999999999999
Botswana,2021,56.99999999999999
Malaysia,2021,56.89999999999999
Seychelles,2021,56.3
Brunei Darussalam,2021,56.3
Grenada,2021,56.1
Antigua and Barbuda,2021,54.9
Greece,2021,54.49999999999999
Kuwait,2021,52.900000000000006
Trinidad and Tobago,2021,52.9
Bahamas,2021,52.400000000000006
Mongolia,2021,52.3
Bulgaria,2021,51.6
Hungary,2021,51.09999999999999
Romania,2021,51.0
Oman,2021,50.4
Argentina,2021,50.09999999999999
Croatia,2021,49.8
Panama,2021,48.7
Barbados,2021,46.99999999999999
Italy,2021,45.2
Spain,2021,44.8
United States,2021,44.6
Chile,2021,44.1
Qatar,2021,44.1
Latvia,2021,44.0
Poland,2021,43.1
Israel,2021,43.0
Costa Rica,2021,42.49999999999999
United Kingdom,2021,41.50000000000001
United Arab Emirates,2021,40.29999999999999
Estonia,2021,39.50000000000001
Czechia,2021,39.3
Slovakia,2021,39.00000000000001
Lithuania,2021,38.7
Mauritius,2021,38.10000000000001
Malta,2021,36.2
Uruguay,2021,35.900000000000006
South Korea,2021,32.50000000000001
France,2021,32.5
Japan,2021,32.2
Belgium,2021,31.000000000000004
Slovenia,2021,28.2
Portugal,2021,26.8
Singapore,2021,26.6
Austria,2021,26.1
Germany,2021,24.8
Netherlands,2021,24.1
Ireland,2021,22.200000000000003
Australia,2021,21.8
Canada,2021,21.7
Sweden,2021,21.4
Luxembourg,2021,21.1
Switzerland,2021,19.9
Denmark,2021,18.8
New Zealand,2021,18.4
Iceland,2021,18.0
Norway,2021,16.6
Finland,2021,16.2
Yemen,2020,112.43869382016284
Somalia,2020,110.88895932474604
South Sudan,2020,110.75219038198196
Syria,2020,110.74969653593256
Congo Democratic Republic,2020,109.39462095485344
Central African Republic,2020,107.48660467238278
Chad,2020,106.43382055499453
Sudan,2020,104.76588517295876
Afghanistan,2020,102.90118710068992
Zimbabwe,2020,99.22085680550748
Burundi,2020,97.87602964557674
Cameroon,2020,97.85508160571896
Haiti,2020,97.67900000000002
Nigeria,2020,97.2675111298435
Guinea,2020,97.16761117146424
Mali,2020,96.04331296449108
Iraq,2020,95.94116979347216
Eritrea,2020,95.8442307280238
Niger,2020,95.31488303494451
Libya,2020,95.19371849236182
Ethiopia,2020,94.59577634557802
Myanmar,2020,94.0
Guinea Bissau,2020,92.90207550854626
Uganda,2020,92.7703684743757
Pakistan,2020,92.07809303255932
Congo Republic,2020,92.06819972980338
Mozambique,2020,91.69371296150742
Venezuela,2020,91.15759122974583
Kenya,2020,90.31586992597772
North Korea,2020,90.21129784524967
Liberia,2020,90.04390059160053
Cote d'Ivoire,2020,89.72267369142226
Mauritania,2020,88.74246859603146
Angola,2020,87.32003902658735
Rwanda,2020,86.02952230051775
Egypt,2020,86.00613825029183
Burkina Faso,2020,85.92852306050814
Togo,2020,85.84143116430509
Bangladesh,2020,85.69999999999999
Lebanon,2020,84.72043333917239
Zambia,2020,84.47412891194057
Sierra Leone,2020,84.35580251344358
Malawi,2020,84.01636088313059
Iran,2020,83.3866086520676
Equatorial Guinea,2020,83.01620385538543
Swaziland,2020,83.0
Djibouti,2020,82.72548312161723
Timor-Leste,2020,82.66311377505994
Nepal,2020,82.56660214637142
Papua New Guinea,2020,82.29729048388526
Gambia,2020,82.21463956781182
Sri Lanka,2020,81.8
Comoros,2020,81.24901232562686
Philippines,2020,80.99999999999999
Cambodia,2020,80.30838110384798
Solomon Islands,2020,79.74524648137532
Madagascar,2020,79.53029880171496
Guatemala,2020,79.17634843834767
Turkey,2020,79.14739400388918
Lesotho,2020,78.29011539823739
Tanzania,2020,78.14413662466475
Nicaragua,2020,77.07751153310853
Laos,2020,76.86018745028443
Honduras,2020,76.78897699605234
Colombia,2020,76.61419215568088
Tajikistan,2020,75.50515391672525
Jordan,2020,75.42853052941282
India,2020,75.30743258442217
Israel and West Bank,2020,75.1239717239818
Bolivia,2020,74.96686955912168
Algeria,2020,74.57518290066574
Senegal,2020,74.5646477541905
Kyrgyz Republic,2020,73.92936357080953
Uzbekistan,2020,73.10388718030978
Brazil,2020,72.99411372588226
Russia,2020,72.55858319621083
Benin,2020,72.54479808532312
Azerbaijan,2020,71.28215920806875
Micronesia,2020,71.23563007855653
Morocco,2020,71.22105197870692
Georgia,2020,71.15229518395927
Thailand,2020,70.81357974524154
Sao Tome and Principe,2020,70.28190046461518
Bosnia and Herzegovina,2020,70.22040622293711
South Africa,2020,70.1072430706828
China,2020,69.85878789983346
Fiji,2020,69.85212211648623
Bhutan,2020,69.50902262964706
Ecuador,2020,69.40303455188986
Gabon,2020,69.08700133545015
Turkmenistan,2020,69.05814193586684
Ukraine,2020,69.00704175599185
El Salvador,2020,68.89464371164277
Saudi Arabia,2020,68.80000000000001
Tunisia,2020,68.12591302617336
Indonesia,2020,67.84550475118697
Peru,2020,67.62810848276709
Mexico,2020,67.19999999999999
Maldives,2020,66.2
Serbia,2020,66.11626143786188
Moldova,2020,65.97954327737929
Guyana,2020,65.95105985340093
Belarus,2020,65.75186010132514
Paraguay,2020,65.17819421791758
Namibia,2020,65.09591525499161
Cape Verde,2020,64.7781708998417
Dominican Republic,2020,64.35620204936144
Armenia,2020,64.2
Ghana,2020,64.15816913182405
Bahrain,2020,63.88791153504606
Vietnam,2020,63.885397212926094
Samoa,2020,63.2966485589962
Macedonia,2020,62.13086384675053
Belize,2020,60.79466738189765
Suriname,2020,60.12230683109472
Jamaica,2020,60.02494703870308
Kazakhstan,2020,59.770101356315976
Cuba,2020,59.227756982641615
Albania,2020,58.75381081040027
Malaysia,2020,57.561895525091394
Botswana,2020,57.07123296987986
Brunei Darussalam,2020,56.60002751710281
Cyprus,2020,56.05796495249495
Montenegro,2020,55.46679468409825
Grenada,2020,55.24684546356435
Seychelles,2020,54.6754977355289
Greece,2020,52.14869722028766
Antigua and Barbuda,2020,52.06235185360498
Trinidad and Tobago,2020,51.9451410707907
Mongolia,2020,51.93521252189043
Kuwait,2020,50.899274182096256
Bahamas,2020,49.86859355975667
Bulgaria,2020,49.17165481543572
Oman,2020,47.99116056937856
Hungary,2020,47.62085657690617
Romania,2020,46.65460149468231
Barbados,2020,46.40725753500914
Croatia,2020,46.0945211833464
Argentina,2020,46.08795043426503
Panama,2020,45.98191488845223
Qatar,2020,43.73987834909789
Chile,2020,42.51352691171396
Italy,2020,42.35313024887805
Latvia,2020,42.31122746144478
Poland,2020,41.02873391869986
Spain,2020,40.35163335620069
Costa Rica,2020,40.184017849675776
Estonia,2020,38.52345451018706
United States,2020,38.27275827818653
United Kingdom,2020,38.2604753610204
Slovak Republic,2020,38.22181460375541
United Arab Emirates,2020,38.0992251160362
Mauritius,2020,37.18472003299283
Lithuania,2020,36.47089084336904
Czech Republic,2020,35.74161611006048
Malta,2020,33.593645802064856
Uruguay,2020,33.405777354578404
Japan,2020,32.332289117028274
South Korea,2020,32.01527342958986
France,2020,30.48111107032384
Belgium,2020,27.09814467478441
Singapore,2020,26.3261946557654
Slovenia,2020,25.84648022438141
Austria,2020,24.108703082430992
Portugal,2020,23.51466331089092
Germany,2020,23.188488518886743
Netherlands,2020,22.859835187501517
Ireland,2020,19.93941688089731
Australia,2020,19.746408857575208
Luxembourg,2020,18.84924040750671
Canada,2020,18.668898507980952
Sweden,2020,18.209201949895157
New Zealand,2020,17.879896291384675
Iceland,2020,17.799999999999997
Denmark,2020,17.213586679528063
Switzerland,2020,17.094085702623488
Norway,2020,16.19121048702654
Finland,2020,14.626666190916623
Somalia,2008,114.2
Sudan,2008,113.0
Zimbabwe,2008,112.5
Chad,2008,110.9
Iraq,2008,110.6
Congo Democratic Republic,2008,106.7
Afghanistan,2008,105.4
Cote d'Ivoire,2008,104.6
Pakistan,2008,103.8
Central African Republic,2008,103.7
Guinea,2008,101.8
Bangladesh,2008,100.3
Myanmar,2008,100.3
Haiti,2008,99.3
North Korea,2008,97.7
Ethiopia,2008,96.1
Uganda,2008,96.1
Lebanon,2008,95.7
Nigeria,2008,95.7
Sri Lanka,2008,95.6
Yemen,2008,95.4
Niger,2008,94.5
Nepal,2008,94.2
Burundi,2008,94.1
Timor-Leste,2008,93.8
Congo Republic,2008,93.4
Kenya,2008,93.4
Uzbekistan,2008,93.4
Malawi,2008,92.9
Solomon Islands,2008,92.4
Sierra Leone,2008,92.3
Guinea Bissau,2008,91.3
Cameroon,2008,91.2
Liberia,2008,91.0
Syria,2008,90.1
Burkina Faso,2008,89.9
Colombia,2008,89.0
Tajikistan,2008,88.9
Kyrgyz Republic,2008,88.8
Egypt,2008,88.7
Laos,2008,88.7
Equatorial Guinea,2008,88.0
Rwanda,2008,88.0
Eritrea,2008,87.4
Togo,2008,86.8
Turkmenistan,2008,86.2
Mauritania,2008,86.1
Cambodia,2008,85.8
Iran,2008,85.7
Moldova,2008,85.7
Bhutan,2008,85.4
Papua New Guinea,2008,84.6
Belarus,2008,84.4
Bosnia and Herzegovina,2008,84.3
Bolivia,2008,84.2
Angola,2008,83.8
Georgia,2008,83.8
Israel and West Bank,2008,83.6
Philippines,2008,83.4
Indonesia,2008,83.3
Lesotho,2008,81.7
Nicaragua,2008,81.7
Zambia,2008,81.6
Azerbaijan,2008,81.0
Cape Verde,2008,80.7
Guatemala,2008,80.6
Maldives,2008,80.4
China,2008,80.3
Ecuador,2008,80.3
Serbia  ,2008,80.1
Djibouti,2008,80.0
Swaziland,2008,80.0
Russia,2008,79.7
Comoros,2008,79.6
Tanzania,2008,79.1
Cuba,2008,78.6
Dominican Republic,2008,78.4
Sao Tome and Principe,2008,78.3
Venezuela,2008,77.9
Algeria,2008,77.8
Peru,2008,77.5
Jordan,2008,77.3
Gambia,2008,76.9
Saudi Arabia,2008,76.9
Mozambique,2008,76.8
Madagascar,2008,76.7
Fiji,2008,76.6
Morocco,2008,75.8
Mali,2008,75.6
Thailand,2008,75.6
El Salvador,2008,75.5
Turkey,2008,75.4
Gabon,2008,75.0
Honduras,2008,74.9
Macedonia,2008,74.6
Vietnam,2008,74.6
Micronesia,2008,74.0
India,2008,72.9
Namibia,2008,72.9
Benin,2008,72.8
Kazakhstan,2008,72.4
Samoa,2008,72.4
Suriname,2008,72.4
Paraguay,2008,72.3
Guyana,2008,72.2
Mexico,2008,72.2
Senegal,2008,70.9
Ukraine,2008,70.8
Armenia,2008,70.7
Belize,2008,70.2
Libya,2008,70.0
Albania,2008,69.7
Cyprus,2008,69.7
Seychelles,2008,69.5
Grenada,2008,69.0
Brunei Darussalam,2008,68.5
Brazil,2008,67.6
Malaysia,2008,67.2
Trinidad and Tobago,2008,67.0
Botswana,2008,65.9
Jamaica,2008,65.7
Tunisia,2008,65.6
Ghana,2008,64.6
Antigua and Barbuda,2008,64.1
South Africa,2008,62.7
Kuwait,2008,62.0
Bahamas,2008,60.5
Romania,2008,59.9
Croatia,2008,59.4
Panama,2008,58.6
Barbados,2008,58.5
Bulgaria,2008,58.5
Mongolia,2008,57.8
Bahrain,2008,56.8
Montenegro,2008,55.8
Latvia,2008,54.5
Qatar,2008,52.7
United Arab Emirates,2008,51.2
Estonia,2008,51.0
Costa Rica,2008,50.9
Hungary,2008,50.9
Slovak Republic,2008,48.8
Lithuania,2008,48.7
Malta,2008,48.3
Poland,2008,47.6
Oman,2008,47.4
Greece,2008,45.4
Mauritius,2008,42.4
Czech Republic,2008,42.1
Spain,2008,41.6
Argentina,2008,41.4
Uruguay,2008,41.4
South Korea,2008,40.6
Italy,2008,39.9
Germany,2008,37.3
Slovenia,2008,37.1
Chile,2008,36.3
France,2008,34.8
Singapore,2008,33.3
United Kingdom,2008,32.9
United States,2008,32.8
Portugal,2008,31.8
Japan,2008,29.7
Belgium,2008,29.0
Luxembourg,2008,27.9
Netherlands,2008,27.3
Canada,2008,26.3
Austria,2008,25.9
Australia,2008,24.6
Denmark,2008,21.5
New Zealand,2008,21.4
Iceland,2008,20.9
Switzerland,2008,20.3
Ireland,2008,19.9
Sweden,2008,19.8
Finland,2008,18.4
Norway,2008,16.8
South Sudan,2018,113.35731518994112
Somalia,2018,113.20079608219343
Yemen,2018,112.6715037597987
Syria,2018,111.39303110352296
Central African Republic,2018,111.12634461231347
Congo Democratic Republic,2018,110.67036484651268
Sudan,2018,108.66319439644046
Chad,2018,108.31187045747872
Afghanistan,2018,106.62076809859944
Zimbabwe,2018,102.29375253209211
Iraq,2018,102.20568542153823
Haiti,2018,101.96955214756449
Guinea,2018,101.6167424753827
Nigeria,2018,99.90823160615736
Ethiopia,2018,99.56909778499838
Guinea Bissau,2018,98.09458991085197
Kenya,2018,97.38051499327098
Burundi,2018,97.36424028418536
Eritrea,2018,97.20823903623204
Pakistan,2018,96.33806005544712
Niger,2018,96.1529034434838
Myanmar,2018,96.09231014136056
Cameroon,2018,95.31218119378651
Uganda,2018,95.14379555232746
Libya,2018,94.6
Cote d'Ivoire,2018,94.56151916975632
Mali,2018,93.58132105894023
North Korea,2018,93.2
Congo Republic,2018,93.12762985550376
Liberia,2018,92.560250792477
Mauritania,2018,92.15282858350264
Bangladesh,2018,90.31281723205385
Angola,2018,89.44029612068627
Rwanda,2018,89.28772432240727
Sierra Leone,2018,89.08699644672271
Egypt,2018,88.73736287679192
Mozambique,2018,88.65413449837652
Timor-Leste,2018,88.25683064064846
Nepal,2018,87.87642693759165
Swaziland,2018,87.54065035971811
Zambia,2018,87.22404970609999
Djibouti,2018,87.11477754799978
Gambia,2018,87.06418531960836
Lebanon,2018,86.81328586730942
Burkina Faso,2018,86.5236375122382
Venezuela,2018,86.20692501836953
Philippines,2018,85.49988187329669
Malawi,2018,85.48762156104438
Togo,2018,85.15884542590535
Sri Lanka,2018,84.89668808927048
Papua New Guinea,2018,84.77026579816999
Iran,2018,84.27111516741917
Cambodia,2018,84.04889218927363
Madagascar,2018,83.57162962089447
Equatorial Guinea,2018,83.39889583816712
Solomon Islands,2018,83.10491831793692
Comoros,2018,82.62279134247851
Turkey,2018,82.21903599918711
Guatemala,2018,81.83670919240136
Laos,2018,80.72431003670523
Lesotho,2018,80.13336187638737
Senegal,2018,79.62828847155544
Tajikistan,2018,79.5020376295363
Tanzania,2018,79.38569084972285
Uzbekistan,2018,79.1
Kyrgyz Republic,2018,78.6341219093271
Israel and West Bank,2018,78.53374002748376
Honduras,2018,77.2624416679196
Russia,2018,77.16545659420007
Jordan,2018,76.75207113512026
Colombia,2018,76.62792958051614
India,2018,76.30850993941235
Algeria,2018,75.78505154191771
Benin,2018,75.69009689938682
Nicaragua,2018,75.32932129736191
Bolivia,2018,75.22337886150169
Thailand,2018,74.98003133114115
Azerbaijan,2018,74.63031997786744
Fiji,2018,74.51822129476686
Micronesia,2018,74.4370879237946
Bhutan,2018,74.27398470769302
Ecuador,2018,74.23122556430408
Morocco,2018,74.00415254787698
Georgia,2018,74.00003923403446
South Africa,2018,72.89999999999999
Turkmenistan,2018,72.62111503765558
Ukraine,2018,72.56161244731106
Gabon,2018,72.47628284232633
Maldives,2018,72.4
China,2018,72.39504122741063
Indonesia,2018,72.29772813709069
Sao Tome and Principe,2018,72.1307816493097
Tunisia,2018,72.0706745688338
Mexico,2018,71.5181435915789
Bosnia and Herzegovina,2018,71.33654613766848
El Salvador,2018,71.16006105064231
Belarus,2018,70.54071433248335
Guyana,2018,70.35847016331266
Saudi Arabia,2018,70.23498732317032
Peru,2018,70.0729820656276
Paraguay,2018,69.75151701076081
Moldova,2018,69.54603613998039
Armenia,2018,69.5452238194412
Dominican Republic,2018,69.19632518627424
Namibia,2018,68.81558956891207
Brazil,2018,68.7131308082741
Vietnam,2018,68.39565234056963
Ghana,2018,68.1221863165064
Serbia,2018,68.0600623653456
Cape Verde,2018,68.00000000000001
Samoa,2018,65.53086971578227
Macedonia,2018,64.79715789270658
Bahrain,2018,64.38675794712286
Suriname,2018,64.01235952203785
Belize,2018,63.71214888532026
Malaysia,2018,63.59483707832034
Kazakhstan,2018,63.43851484252681
Jamaica,2018,63.11945865018858
Cuba,2018,62.89031679299263
Botswana,2018,61.98745014345976
Cyprus,2018,60.286306956278125
Albania,2018,60.07930843597633
Grenada,2018,59.9
Brunei Darussalam,2018,59.80623958429162
Seychelles,2018,56.754155689071474
Kuwait,2018,55.8914871882463
Antigua and Barbuda,2018,55.6110407346696
Montenegro,2018,55.33841976081583
Greece,2018,55.28241010073139
Mongolia,2018,54.87347128912537
Trinidad and Tobago,2018,54.6057398402105
Oman,2018,52.64980160350626
Bulgaria,2018,51.65420796469111
Hungary,2018,50.20431326900252
Bahamas,2018,49.99124184605109
Panama,2018,49.48072267554133
Romania,2018,49.36140868153144
Croatia,2018,48.71641829811867
Barbados,2018,48.18332936752863
Qatar,2018,48.06415433835673
Argentina,2018,46.06992256962885
Latvia,2018,44.899921744994565
Italy,2018,43.8
Costa Rica,2018,43.236723940075855
Estonia,2018,42.990053644081904
United Arab Emirates,2018,42.8292445126518
Slovak Republic,2018,42.47488888000861
Poland,2018,41.46116976149038
Spain,2018,41.38298112031969
Chile,2018,40.69103612258534
Mauritius,2018,40.49020053885572
Lithuania,2018,39.40955428935555
Czech Republic,2018,39.04760145627088
United States,2018,37.7
Malta,2018,36.2062447804085
South Korea,2018,35.73391458947191
Uruguay,2018,35.444748420198586
Japan,2018,34.47489966723306
United Kingdom,2018,34.29882224337588
France,2018,32.22701109659329
Singapore,2018,30.421202731235
Slovenia,2018,30.33350186495465
Belgium,2018,29.653650451578358
Portugal,2018,27.27345053662528
Austria,2018,26.181880301496445
Netherlands,2018,26.16998872873363
Germany,2018,25.83337235566515
Canada,2018,21.505583938323312
New Zealand,2018,20.888699780987427
Sweden,2018,20.818812325589526
Australia,2018,20.77076600209908
Luxembourg,2018,20.757276455472248
Ireland,2018,20.7393047786885
Iceland,2018,20.3
Denmark,2018,19.785177227543933
Switzerland,2018,19.20952631375106
Norway,2018,18.25872156828166
Finland,2018,17.934251926521828
Yemen,2019,113.5
Somalia,2019,112.3
South Sudan,2019,112.2
Syria,2019,111.5
Congo Democratic Republic,2019,110.2
Central African Republic,2019,108.9
Chad,2019,108.5
Sudan,2019,108.0
Afghanistan,2019,105.0
Zimbabwe,2019,99.5
Guinea,2019,99.4
Haiti,2019,99.3
Iraq,2019,99.1
Nigeria,2019,98.5
Burundi,2019,98.2
Cameroon,2019,97.0
Eritrea,2019,96.4
Niger,2019,96.2
Guinea Bissau,2019,95.5
Uganda,2019,95.3
Mali,2019,94.5
Myanmar,2019,94.3
Pakistan,2019,94.2
Ethiopia,2019,94.2
Kenya,2019,93.5
North Korea,2019,92.7
Congo Republic,2019,92.5
Libya,2019,92.2
Cote d'Ivoire,2019,92.1
Liberia,2019,90.2
Mauritania,2019,90.1
Venezuela,2019,89.3
Mozambique,2019,88.7
Egypt,2019,88.4
Angola,2019,87.8
Bangladesh,2019,87.7
Rwanda,2019,87.5
Togo,2019,87.4
Sierra Leone,2019,86.8
Zambia,2019,85.7
Timor-Leste,2019,85.5
Eswatini,2019,85.3
Djibouti,2019,85.1
Lebanon,2019,85.0
Nepal,2019,84.7
Sri Lanka,2019,84.0
Burkina Faso,2019,83.9
Gambia,2019,83.9
Malawi,2019,83.3
Papua New Guinea,2019,83.1
Philippines,2019,83.1
Iran,2019,83.0
Equatorial Guinea,2019,82.6
Cambodia,2019,82.5
Solomon Islands,2019,81.9
Comoros,2019,81.7
Guatemala,2019,81.4
Madagascar,2019,80.9
Turkey,2019,80.3
Tanzania,2019,80.1
Lesotho,2019,79.7
Laos,2019,78.7
Nicaragua,2019,78.1
Honduras,2019,77.8
Tajikistan,2019,77.7
Senegal,2019,77.2
Israel and West Bank,2019,76.5
Kyrgyz Republic,2019,76.2
Jordan,2019,75.9
Colombia,2019,75.7
Uzbekistan,2019,75.7
Algeria,2019,75.4
Russia,2019,74.7
India,2019,74.4
Benin,2019,73.6
Azerbaijan,2019,73.2
Thailand,2019,73.1
Morocco,2019,73.0
Micronesia,2019,73.0
Bolivia,2019,72.9
Georgia,2019,72.0
Bhutan,2019,72.0
Brazil,2019,71.8
Fiji,2019,71.7
Turkmenistan,2019,71.4
Bosnia and Herzegovina,2019,71.3
Ecuador,2019,71.2
Sao Tome and Principe,2019,71.1
China,2019,71.1
South Africa,2019,71.1
Ukraine,2019,71.0
Gabon,2019,70.5
Saudi Arabia,2019,70.4
Indonesia,2019,70.4
Tunisia,2019,70.1
El Salvador,2019,69.8
Maldives,2019,69.8
Mexico,2019,69.7
Peru,2019,68.2
Guyana,2019,68.2
Belarus,2019,68.2
Serbia,2019,68.0
Moldova,2019,67.1
Paraguay,2019,67.0
Armenia,2019,66.7
Cape Verde,2019,66.6
Namibia,2019,66.4
Dominican Republic,2019,66.2
Vietnam,2019,66.1
Ghana,2019,65.9
Macedonia,2019,64.6
Samoa,2019,64.2
Bahrain,2019,63.8
Belize,2019,62.5
Suriname,2019,61.9
Kazakhstan,2019,61.6
Jamaica,2019,61.2
Cuba,2019,60.8
Malaysia,2019,60.5
Botswana,2019,59.5
Albania,2019,58.9
Cyprus,2019,57.8
Grenada,2019,57.6
Brunei Darussalam,2019,57.5
Montenegro,2019,55.3
Seychelles,2019,55.2
Antigua and Barbuda,2019,54.4
Mongolia,2019,54.1
Greece,2019,53.9
Kuwait,2019,53.2
Trinidad and Tobago,2019,53.0
Bulgaria,2019,50.6
Oman,2019,50.0
Hungary,2019,49.6
Bahamas,2019,48.8
Barbados,2019,48.0
Romania,2019,47.8
Croatia,2019,47.5
Panama,2019,47.0
Argentina,2019,46.0
Qatar,2019,45.4
Latvia,2019,43.9
Italy,2019,43.8
Poland,2019,42.8
Costa Rica,2019,42.0
Estonia,2019,40.8
Spain,2019,40.7
Slovak Republic,2019,40.5
United Arab Emirates,2019,40.1
Mauritius,2019,38.9
Chile,2019,38.9
Lithuania,2019,38.1
United States,2019,38.0
Czechia,2019,37.6
United Kingdom,2019,36.7
Malta,2019,34.5
Japan,2019,34.3
Uruguay,2019,34.0
South Korea,2019,33.7
France,2019,32.0
Belgium,2019,28.6
Singapore,2019,28.1
Slovenia,2019,28.0
Portugal,2019,25.3
Austria,2019,25.0
Netherlands,2019,24.8
Germany,2019,24.7
Ireland,2019,20.6
Luxembourg,2019,20.4
Sweden,2019,20.3
New Zealand,2019,20.1
Canada,2019,20.0
Iceland,2019,19.8
Australia,2019,19.7
Denmark,2019,19.5
Switzerland,2019,18.7
Norway,2019,18.0
Finland,2019,16.9
South Sudan,2017,113.9
Somalia,2017,113.4
Central African Republic,2017,112.6
Yemen,2017,111.1
Sudan,2017,110.6
Syria,2017,110.6
Congo Democratic Republic,2017,110.0
Chad,2017,109.4
Afghanistan,2017,107.3
Iraq,2017,105.4
Haiti,2017,105.3
Guinea,2017,102.4
Nigeria,2017,101.6
Zimbabwe,2017,101.6
Ethiopia,2017,101.1
Guinea Bissau,2017,99.5
Burundi,2017,98.9
Pakistan,2017,98.9
Eritrea,2017,98.1
Niger,2017,97.4
Cote d'Ivoire,2017,96.5
Kenya,2017,96.4
Libya,2017,96.3
Uganda,2017,96.0
Myanmar,2017,95.7
Cameroon,2017,95.6
Liberia,2017,93.8
Mauritania,2017,93.7
Congo Republic,2017,93.4
North Korea,2017,93.3
Mali,2017,92.9
Angola,2017,91.1
Nepal,2017,91.0
Rwanda,2017,90.8
Timor-Leste,2017,90.5
Egypt,2017,89.8
Gambia,2017,89.4
Sierra Leone,2017,89.3
Bangladesh,2017,89.1
Mozambique,2017,89.0
Djibouti,2017,88.9
Swaziland,2017,88.8
Lebanon,2017,88.2
Burkina Faso,2017,88.0
Malawi,2017,88.0
Zambia,2017,87.8
Sri Lanka,2017,86.6
Papua New Guinea,2017,86.4
Iran,2017,85.8
Cambodia,2017,85.7
Equatorial Guinea,2017,85.0
Comoros,2017,84.8
Solomon Islands,2017,84.8
Philippines,2017,84.4
Madagascar,2017,84.0
Togo,2017,83.9
Guatemala,2017,83.1
Venezuela,2017,82.9
Laos,2017,82.4
Senegal,2017,82.3
Tajikistan,2017,81.8
Lesotho,2017,81.7
Uzbekistan,2017,81.5
Turkey,2017,80.8
Kyrgyz Republic,2017,80.3
Tanzania,2017,80.3
Russia,2017,79.2
Honduras,2017,79.1
Colombia,2017,78.9
Israel and West Bank,2017,78.9
Jordan,2017,78.7
India,2017,77.9
Benin,2017,77.6
Nicaragua,2017,77.4
Ecuador,2017,77.3
Fiji,2017,76.9
Algeria,2017,76.8
Bolivia,2017,76.8
Georgia,2017,76.5
Micronesia,2017,76.4
Azerbaijan,2017,76.3
Thailand,2017,76.2
Bhutan,2017,76.0
Morocco,2017,74.9
China,2017,74.7
Maldives,2017,74.4
Turkmenistan,2017,74.4
Mexico,2017,74.3
Tunisia,2017,74.2
Ukraine,2017,74.0
Gabon,2017,73.8
El Salvador,2017,73.1
Bosnia and Herzegovina,2017,73.0
Indonesia,2017,72.9
Belarus,2017,72.4
South Africa,2017,72.3
Sao Tome and Principe,2017,72.1
Moldova,2017,72.0
Paraguay,2017,71.6
Guyana,2017,71.3
Saudi Arabia,2017,71.2
Armenia,2017,71.0
Namibia,2017,70.4
Peru,2017,70.3
Vietnam,2017,70.2
Cape Verde,2017,70.1
Serbia,2017,70.0
Ghana,2017,69.7
Dominican Republic,2017,69.0
Brazil,2017,68.2
Samoa,2017,67.1
Macedonia,2017,66.1
Kazakhstan,2017,65.9
Suriname,2017,65.9
Belize,2017,65.5
Malaysia,2017,65.4
Jamaica,2017,65.2
Bahrain,2017,64.9
Cuba,2017,64.6
Botswana,2017,63.8
Cyprus,2017,62.6
Brunei Darussalam,2017,61.6
Grenada,2017,61.5
Albania,2017,60.5
Seychelles,2017,59.4
Kuwait,2017,58.5
Greece,2017,57.5
Mongolia,2017,56.7
Trinidad and Tobago,2017,56.7
Montenegro,2017,55.7
Antigua and Barbuda,2017,54.8
Bulgaria,2017,53.7
Oman,2017,52.5
Bahamas,2017,52.4
Hungary,2017,52.0
Romania,2017,50.9
Panama,2017,50.7
Croatia,2017,50.6
Barbados,2017,49.6
Argentina,2017,48.2
Latvia,2017,46.4
Italy,2017,45.2
Estonia,2017,44.7
Slovak Republic,2017,44.3
Costa Rica,2017,44.1
Qatar,2017,44.0
United Arab Emirates,2017,43.7
Lithuania,2017,41.7
Mauritius,2017,41.7
Chile,2017,41.1
Poland,2017,40.8
Czech Republic,2017,40.1
Malta,2017,38.6
South Korea,2017,38.1
Spain,2017,37.9
Japan,2017,37.4
Uruguay,2017,36.8
United States,2017,35.6
France,2017,33.5
United Kingdom,2017,33.2
Singapore,2017,32.5
Slovenia,2017,32.4
Belgium,2017,30.8
Portugal,2017,29.0
Germany,2017,28.1
Austria,2017,27.7
Netherlands,2017,27.4
Luxembourg,2017,23.4
Canada,2017,22.6
New Zealand,2017,22.6
Iceland,2017,22.5
Australia,2017,22.3
Ireland,2017,22.3
Sweden,2017,22.1
Denmark,2017,21.5
Switzerland,2017,21.1
Norway,2017,20.5
Finland,2017,18.7
Somalia,2016,114.0
South Sudan,2016,113.8
Central African Republic,2016,112.1
Sudan,2016,111.5
Yemen,2016,111.5
Syria,2016,110.8
Chad,2016,110.1
Congo Democratic Republic,2016,110.0
Afghanistan,2016,107.9
Haiti,2016,105.1
Iraq,2016,104.7
Guinea,2016,103.8
Nigeria,2016,103.5
Pakistan,2016,101.7
Burundi,2016,100.7
Zimbabwe,2016,100.5
Guinea Bissau,2016,99.8
Eritrea,2016,98.6
Niger,2016,98.4
Kenya,2016,98.3
Cote d'Ivoire,2016,97.9
Cameroon,2016,97.8
Uganda,2016,97.7
Ethiopia,2016,97.2
Libya,2016,96.4
Myanmar,2016,96.3
Liberia,2016,95.5
Mauritania,2016,95.4
Mali,2016,95.2
North Korea,2016,93.9
Congo Republic,2016,92.2
Rwanda,2016,91.3
Nepal,2016,91.2
Sierra Leone,2016,91.0
Timor-Leste,2016,90.8
Bangladesh,2016,90.7
Angola,2016,90.5
Egypt,2016,90.2
Djibouti,2016,89.7
Lebanon,2016,89.6
Burkina Faso,2016,89.4
Mozambique,2016,87.8
Sri Lanka,2016,87.7
Malawi,2016,87.6
Swaziland,2016,87.6
Cambodia,2016,87.4
Iran,2016,86.9
Gambia,2016,86.8
Zambia,2016,86.3
Papua New Guinea,2016,86.2
Togo,2016,85.8
Solomon Islands,2016,85.3
Equatorial Guinea,2016,85.2
Philippines,2016,84.7
Laos,2016,84.4
Madagascar,2016,84.2
Comoros,2016,83.8
Tajikistan,2016,83.8
Senegal,2016,83.6
Uzbekistan,2016,83.5
Guatemala,2016,83.2
Tanzania,2016,81.8
Venezuela,2016,81.6
Kyrgyz Republic,2016,81.1
Russia,2016,81.0
Lesotho,2016,80.9
Colombia,2016,80.2
Honduras,2016,79.8
Israel and West Bank,2016,79.7
India,2016,79.6
Nicaragua,2016,79.0
Benin,2016,78.9
Georgia,2016,78.9
Thailand,2016,78.8
Bolivia,2016,78.5
Algeria,2016,78.3
Jordan,2016,78.0
Bhutan,2016,77.6
Turkey,2016,77.3
Micronesia,2016,77.1
Azerbaijan,2016,76.3
Fiji,2016,76.2
Turkmenistan,2016,76.0
Ecuador,2016,75.6
Ukraine,2016,75.5
China,2016,74.9
Indonesia,2016,74.9
Bosnia and Herzegovina,2016,74.6
Tunisia,2016,74.6
Morocco,2016,74.2
Maldives,2016,74.0
Belarus,2016,73.9
Moldova,2016,73.2
Sao Tome and Principe,2016,72.9
Paraguay,2016,72.6
El Salvador,2016,72.5
Saudi Arabia,2016,72.2
Gabon,2016,72.0
Peru,2016,72.0
Serbia,2016,72.0
Cape Verde,2016,71.5
Ghana,2016,71.2
Namibia,2016,71.1
Guyana,2016,70.9
Dominican Republic,2016,70.8
Vietnam,2016,70.7
Mexico,2016,70.4
South Africa,2016,69.9
Armenia,2016,69.6
Samoa,2016,67.6
Macedonia,2016,67.0
Suriname,2016,66.7
Kazakhstan,2016,66.5
Cuba,2016,66.3
Malaysia,2016,66.1
Belize,2016,66.0
Brazil,2016,65.3
Jamaica,2016,65.0
Cyprus,2016,64.0
Botswana,2016,63.5
Bahrain,2016,63.4
Grenada,2016,63.0
Brunei Darussalam,2016,62.0
Albania,2016,61.2
Seychelles,2016,60.2
Kuwait,2016,58.5
Trinidad and Tobago,2016,57.8
Mongolia,2016,56.6
Antigua and Barbuda,2016,56.2
Greece,2016,55.9
Montenegro,2016,55.2
Bulgaria,2016,53.7
Panama,2016,53.2
Romania,2016,52.9
Hungary,2016,52.7
Croatia,2016,52.4
Bahamas,2016,51.6
Oman,2016,51.6
Barbados,2016,49.0
Argentina,2016,48.4
Latvia,2016,47.4
Costa Rica,2016,45.1
Qatar,2016,45.1
Slovak Republic,2016,44.9
United Arab Emirates,2016,44.5
Estonia,2016,43.4
Mauritius,2016,43.2
Italy,2016,43.1
Lithuania,2016,42.4
Chile,2016,41.9
Czech Republic,2016,40.8
Poland,2016,40.7
Spain,2016,39.8
Malta,2016,39.6
Uruguay,2016,36.2
South Korea,2016,36.1
Japan,2016,35.1
France,2016,34.5
United States,2016,34.0
Slovenia,2016,33.9
Singapore,2016,32.9
United Kingdom,2016,32.4
Portugal,2016,29.2
Belgium,2016,29.0
Germany,2016,28.6
Netherlands,2016,28.2
Austria,2016,27.5
Luxembourg,2016,24.1
Canada,2016,23.8
Iceland,2016,22.8
Sweden,2016,22.6
Australia,2016,22.5
Ireland,2016,22.5
Switzerland,2016,21.8
Denmark,2016,21.5
New Zealand,2016,21.3
Norway,2016,21.2
Finland,2016,18.8
South Sudan,2014,112.9
Somalia,2014,112.6
Central African Republic,2014,110.6
Congo Democratic Republic,2014,110.2
Sudan,2014,110.1
Chad,2014,108.7
Afghanistan,2014,106.5
Yemen,2014,105.4
Haiti,2014,104.3
Pakistan,2014,103.0
Zimbabwe,2014,102.8
Guinea,2014,102.7
Iraq,2014,102.2
Cote d'Ivoire,2014,101.7
Syria,2014,101.6
Guinea Bissau,2014,100.6
Nigeria,2014,99.7
Kenya,2014,99.0
Ethiopia,2014,97.9
Niger,2014,97.9
Burundi,2014,97.1
Uganda,2014,96.0
Eritrea,2014,95.5
Liberia,2014,94.3
Myanmar,2014,94.3
North Korea,2014,94.0
Cameroon,2014,93.1
Mauritania,2014,93.0
Bangladesh,2014,92.8
Sri Lanka,2014,92.6
Egypt,2014,91.0
Nepal,2014,91.0
Timor-Leste,2014,91.0
Rwanda,2014,90.5
Sierra Leone,2014,89.9
Mali,2014,89.8
Congo Republic,2014,89.6
Malawi,2014,89.1
Burkina Faso,2014,89.0
Cambodia,2014,88.5
Libya,2014,87.8
Togo,2014,87.8
Angola,2014,87.4
Iran,2014,87.2
Djibouti,2014,87.1
Lebanon,2014,86.9
Solomon Islands,2014,86.4
Uzbekistan,2014,86.3
Zambia,2014,86.2
Mozambique,2014,85.9
Swaziland,2014,85.8
Equatorial Guinea,2014,85.3
Philippines,2014,85.3
Comoros,2014,85.1
Tajikistan,2014,84.6
Laos,2014,84.3
Papua New Guinea,2014,84.1
Kyrgyz Republic,2014,83.9
Colombia,2014,83.1
Gambia,2014,83.1
Madagascar,2014,83.1
Senegal,2014,82.8
Georgia,2014,82.7
Bhutan,2014,80.9
Tanzania,2014,80.8
Guatemala,2014,80.3
Israel and West Bank,2014,79.5
China,2014,79.0
Fiji,2014,79.0
Bolivia,2014,78.9
Algeria,2014,78.8
Lesotho,2014,78.6
Nicaragua,2014,78.4
Benin,2014,78.2
Turkmenistan,2014,78.2
Honduras,2014,77.9
Azerbaijan,2014,77.8
Tunisia,2014,77.5
Ecuador,2014,77.3
Thailand,2014,77.0
India,2014,76.9
Indonesia,2014,76.8
Jordan,2014,76.7
Venezuela,2014,76.7
Russia,2014,76.5
Bosnia and Herzegovina,2014,75.9
Sao Tome and Principe,2014,75.8
Maldives,2014,75.4
Moldova,2014,75.1
Belarus,2014,75.0
Micronesia,2014,74.6
Morocco,2014,74.4
Cape Verde,2014,74.1
Turkey,2014,74.1
Dominican Republic,2014,73.4
Saudi Arabia,2014,73.1
Peru,2014,72.9
Vietnam,2014,72.7
Gabon,2014,72.2
El Salvador,2014,72.0
Serbia,2014,72.0
Paraguay,2014,71.6
Namibia,2014,71.5
Armenia,2014,71.3
Mexico,2014,71.1
Guyana,2014,71.0
Cuba,2014,70.8
Ghana,2014,70.7
Suriname,2014,70.6
Samoa,2014,69.3
Kazakhstan,2014,68.5
Cyprus,2014,67.9
Ukraine,2014,67.2
Belize,2014,67.0
South Africa,2014,66.6
Macedonia,2014,66.4
Malaysia,2014,66.2
Grenada,2014,65.2
Jamaica,2014,64.9
Bahrain,2014,64.7
Botswana,2014,64.5
Seychelles,2014,63.7
Albania,2014,63.6
Brunei Darussalam,2014,63.6
Brazil,2014,61.4
Trinidad and Tobago,2014,61.3
Antigua and Barbuda,2014,59.0
Kuwait,2014,59.0
Mongolia,2014,58.1
Romania,2014,56.9
Montenegro,2014,55.7
Panama,2014,55.7
Bulgaria,2014,54.4
Bahamas,2014,54.1
Oman,2014,53.1
Croatia,2014,52.9
Greece,2014,52.1
Barbados,2014,51.4
Qatar,2014,48.9
Costa Rica,2014,48.5
Hungary,2014,48.3
Latvia,2014,48.0
United Arab Emirates,2014,47.6
Argentina,2014,47.3
Mauritius,2014,46.1
Slovak Republic,2014,45.3
Estonia,2014,45.2
Italy,2014,43.4
Lithuania,2014,43.2
Spain,2014,43.1
Malta,2014,43.0
Poland,2014,42.1
Chile,2014,42.0
Czech Republic,2014,39.4
Uruguay,2014,37.9
South Korea,2014,36.4
Japan,2014,36.3
Singapore,2014,35.9
United States,2014,35.4
France,2014,34.8
United Kingdom,2014,34.3
Portugal,2014,33.1
Slovenia,2014,32.6
Belgium,2014,32.0
Germany,2014,30.6
Netherlands,2014,28.6
Austria,2014,28.5
Canada,2014,27.4
Australia,2014,26.3
Ireland,2014,26.1
Iceland,2014,25.9
Luxembourg,2014,24.6
New Zealand,2014,24.1
Switzerland,2014,23.3
Norway,2014,23.0
Denmark,2014,22.8
Sweden,2014,21.4
Finland,2014,18.7
South Sudan,2015,114.5
Somalia,2015,114.0
Central African Republic,2015,111.9
Sudan,2015,110.8
Congo Democratic Republic,2015,109.7
Chad,2015,108.4
Yemen,2015,108.2
Afghanistan,2015,107.9
Syria,2015,107.8
Guinea,2015,104.9
Haiti,2015,104.5
Iraq,2015,104.4
Pakistan,2015,103.0
Nigeria,2015,102.5
Cote d'Ivoire,2015,100.1
Zimbabwe,2015,100.0
Guinea Bissau,2015,99.9
Burundi,2015,98.0
Niger,2015,97.8
Ethiopia,2015,97.5
Kenya,2015,97.3
Liberia,2015,97.3
Uganda,2015,97.0
Eritrea,2015,96.9
Libya,2015,95.3
Mauritania,2015,94.9
Myanmar,2015,94.7
Cameroon,2015,94.3
North Korea,2015,93.8
Mali,2015,92.9
Sierra Leone,2015,91.9
Bangladesh,2015,91.8
Congo Republic,2015,90.8
Sri Lanka,2015,90.7
Nepal,2015,90.5
Timor-Leste,2015,90.5
Rwanda,2015,90.2
Egypt,2015,89.9
Burkina Faso,2015,89.2
Lebanon,2015,88.1
Djibouti,2015,88.0
Angola,2015,87.9
Cambodia,2015,87.9
Iran,2015,87.1
Malawi,2015,86.9
Mozambique,2015,86.9
Togo,2015,86.8
Philippines,2015,86.2
Swaziland,2015,86.2
Solomon Islands,2015,85.9
Gambia,2015,85.4
Uzbekistan,2015,85.3
Zambia,2015,85.1
Equatorial Guinea,2015,84.8
Laos,2015,84.4
Madagascar,2015,83.6
Papua New Guinea,2015,83.4
Tajikistan,2015,83.4
Comoros,2015,83.3
Senegal,2015,82.9
Colombia,2015,82.5
Kyrgyz Republic,2015,82.2
Tanzania,2015,80.8
Guatemala,2015,80.4
Russia,2015,80.0
Lesotho,2015,79.9
Algeria,2015,79.6
Israel and West Bank,2015,79.4
India,2015,79.3
Georgia,2015,79.2
Thailand,2015,79.1
Nicaragua,2015,79.0
Benin,2015,78.8
Bhutan,2015,78.7
Venezuela,2015,78.7
Bolivia,2015,78.1
Honduras,2015,78.1
Bosnia and Herzegovina,2015,77.4
Turkmenistan,2015,77.4
Azerbaijan,2015,77.3
Jordan,2015,76.9
Fiji,2015,76.7
China,2015,76.5
Ukraine,2015,76.3
Ecuador,2015,75.9
Tunisia,2015,75.7
Belarus,2015,75.6
Indonesia,2015,75.0
Morocco,2015,74.6
Turkey,2015,74.6
Maldives,2015,74.3
Serbia,2015,73.8
Sao Tome and Principe,2015,73.7
Cape Verde,2015,73.5
Micronesia,2015,73.5
Moldova,2015,73.0
Vietnam,2015,72.4
Peru,2015,72.0
Mexico,2015,71.9
Ghana,2015,71.8
Saudi Arabia,2015,71.6
El Salvador,2015,71.4
Paraguay,2015,71.3
Dominican Republic,2015,71.2
Gabon,2015,71.2
Namibia,2015,70.8
Guyana,2015,70.5
Armenia,2015,69.7
Suriname,2015,68.4
Kazakhstan,2015,68.3
Samoa,2015,68.2
Cuba,2015,67.4
South Africa,2015,67.0
Cyprus,2015,66.2
Malaysia,2015,65.9
Belize,2015,65.3
Jamaica,2015,64.6
Macedonia,2015,64.5
Bahrain,2015,64.4
Grenada,2015,63.5
Brunei Darussalam,2015,63.0
Botswana,2015,62.8
Brazil,2015,62.7
Seychelles,2015,62.1
Albania,2015,61.9
Trinidad and Tobago,2015,58.7
Antigua and Barbuda,2015,57.8
Kuwait,2015,57.5
Mongolia,2015,57.0
Bulgaria,2015,55.4
Panama,2015,54.6
Montenegro,2015,54.2
Romania,2015,54.2
Greece,2015,52.6
Oman,2015,52.0
Bahamas,2015,51.5
Croatia,2015,51.0
Barbados,2015,49.3
Hungary,2015,49.1
Latvia,2015,48.5
Argentina,2015,47.6
Costa Rica,2015,46.8
Qatar,2015,46.3
United Arab Emirates,2015,46.2
Mauritius,2015,45.2
Estonia,2015,43.7
Italy,2015,43.2
Lithuania,2015,43.0
Slovak Republic,2015,42.6
Chile,2015,41.5
Malta,2015,40.9
Spain,2015,40.9
Poland,2015,39.8
Czech Republic,2015,37.4
Uruguay,2015,36.4
South Korea,2015,36.3
Japan,2015,36.0
United States,2015,35.4
Singapore,2015,34.4
France,2015,33.7
United Kingdom,2015,33.4
Slovenia,2015,31.5
Belgium,2015,30.5
Portugal,2015,29.7
Germany,2015,28.1
Netherlands,2015,26.9
Austria,2015,25.8
Canada,2015,25.6
Ireland,2015,24.6
Australia,2015,24.3
Iceland,2015,23.4
New Zealand,2015,22.6
Switzerland,2015,22.3
Luxembourg,2015,22.1
Denmark,2015,21.4
Norway,2015,20.9
Sweden,2015,20.2
Finland,2015,17.7
Somalia,2011,113.4
Chad,2011,110.3
Sudan,2011,108.7
Congo Democratic Republic,2011,108.2
Haiti,2011,108.0
Zimbabwe,2011,107.9
Afghanistan,2011,107.5
Central African Republic,2011,105.0
Iraq,2011,104.8
Cote d'Ivoire,2011,102.8
Guinea,2011,102.5
Pakistan,2011,102.3
Yemen,2011,100.3
Nigeria,2011,99.9
Niger,2011,99.1
Kenya,2011,98.7
Burundi,2011,98.6
Guinea Bissau,2011,98.3
Myanmar,2011,98.3
Ethiopia,2011,98.2
Uganda,2011,96.3
North Korea,2011,95.6
Timor-Leste,2011,94.9
Cameroon,2011,94.6
Bangladesh,2011,94.4
Liberia,2011,94.0
Nepal,2011,93.7
Eritrea,2011,93.6
Sri Lanka,2011,93.1
Sierra Leone,2011,92.1
Kyrgyz Republic,2011,91.8
Congo Republic,2011,91.4
Malawi,2011,91.2
Rwanda,2011,91.0
Iran,2011,90.2
Togo,2011,89.4
Burkina Faso,2011,88.6
Cambodia,2011,88.5
Tajikistan,2011,88.3
Uzbekistan,2011,88.3
Equatorial Guinea,2011,88.1
Mauritania,2011,88.0
Lebanon,2011,87.7
Colombia,2011,87.0
Egypt,2011,86.8
Laos,2011,86.7
Georgia,2011,86.4
Solomon Islands,2011,85.9
Syria,2011,85.9
Bhutan,2011,85.0
Philippines,2011,85.0
Angola,2011,84.6
Israel and West Bank,2011,84.4
Papua New Guinea,2011,84.2
Comoros,2011,83.8
Zambia,2011,83.8
Mozambique,2011,83.6
Madagascar,2011,83.2
Bolivia,2011,82.9
Djibouti,2011,82.6
Swaziland,2011,82.5
Ecuador,2011,82.2
Azerbaijan,2011,81.9
Indonesia,2011,81.6
Tanzania,2011,81.3
Moldova,2011,81.2
Nicaragua,2011,81.2
Fiji,2011,81.1
Bosnia and Herzegovina,2011,80.9
Gambia,2011,80.9
Lesotho,2011,80.4
China,2011,80.1
Guatemala,2011,80.1
Benin,2011,80.0
Turkmenistan,2011,79.7
India,2011,79.3
Mali,2011,79.3
Honduras,2011,78.3
Thailand,2011,78.3
Venezuela,2011,78.2
Algeria,2011,78.0
Russia,2011,77.7
Belarus,2011,77.6
Dominican Republic,2011,76.9
Senegal,2011,76.8
Cuba,2011,76.6
Morocco,2011,76.3
Vietnam,2011,76.1
El Salvador,2011,76.0
Cape Verde,2011,75.8
Maldives,2011,75.6
Gabon,2011,75.3
Saudi Arabia,2011,75.2
Mexico,2011,75.1
Turkey,2011,74.9
Jordan,2011,74.5
Sao Tome and Principe,2011,74.5
Serbia,2011,74.4
Peru,2011,73.6
Guyana,2011,72.6
Paraguay,2011,72.4
Armenia,2011,72.3
Micronesia,2011,71.9
Namibia,2011,71.7
Suriname,2011,71.1
Macedonia,2011,71.0
Kazakhstan,2011,70.2
Tunisia,2011,70.1
Samoa,2011,69.5
Ukraine,2011,69.0
Libya,2011,68.7
Malaysia,2011,68.7
Botswana,2011,67.9
Belize,2011,67.7
Ghana,2011,67.7
Cyprus,2011,67.6
South Africa,2011,67.6
Jamaica,2011,67.1
Seychelles,2011,67.0
Grenada,2011,66.4
Albania,2011,66.1
Brunei Darussalam,2011,65.8
Brazil,2011,65.1
Trinidad and Tobago,2011,63.7
Antigua and Barbuda,2011,59.9
Romania,2011,59.8
Mongolia,2011,59.6
Kuwait,2011,59.5
Bahrain,2011,59.0
Bulgaria,2011,59.0
Panama,2011,57.8
Croatia,2011,57.3
Bahamas,2011,56.5
Montenegro,2011,56.3
Latvia,2011,54.2
Barbados,2011,52.8
Costa Rica,2011,50.6
United Arab Emirates,2011,50.4
Qatar,2011,49.5
Estonia,2011,49.3
Oman,2011,49.3
Hungary,2011,48.7
Greece,2011,47.4
Slovak Republic,2011,47.1
Argentina,2011,46.8
Poland,2011,46.8
Italy,2011,45.8
Malta,2011,45.4
Lithuania,2011,45.3
Mauritius,2011,44.2
Spain,2011,43.1
Czech Republic,2011,42.4
Chile,2011,40.7
Uruguay ,2011,40.4
South Korea,2011,38.8
Slovenia,2011,35.5
Singapore,2011,35.1
United States,2011,34.8
Belgium,2011,34.1
United Kingdom,2011,34.1
France,2011,34.0
Germany,2011,33.9
Portugal,2011,32.3
Japan,2011,31.0
Iceland,2011,30.1
Netherlands,2011,28.3
Australia,2011,28.1
Canada,2011,27.7
Austria,2011,27.3
Luxembourg,2011,26.1
Ireland,2011,25.3
New Zealand,2011,24.8
Denmark,2011,23.8
Switzerland,2011,23.2
Sweden,2011,22.8
Norway,2011,20.4
Finland,2011,19.7
Somalia,2010,114.3
Chad,2010,113.3
Sudan,2010,111.8
Zimbabwe,2010,110.2
Congo Democratic Republic,2010,109.9
Afghanistan,2010,109.3
Iraq,2010,107.3
Central African Republic,2010,106.4
Guinea,2010,105.0
Pakistan,2010,102.5
Haiti,2010,101.6
Cote d'Ivoire,2010,101.2
Kenya,2010,100.7
Nigeria,2010,100.2
Yemen,2010,100.0
Myanmar,2010,99.4
Ethiopia,2010,98.8
Timor-Leste,2010,98.2
Niger,2010,97.8
North Korea,2010,97.8
Uganda,2010,97.5
Guinea Bissau,2010,97.2
Burundi,2010,96.7
Bangladesh,2010,96.1
Sri Lanka,2010,95.7
Cameroon,2010,95.4
Nepal,2010,95.4
Malawi,2010,93.6
Sierra Leone,2010,93.6
Eritrea,2010,93.3
Congo Republic,2010,92.5
Iran,2010,92.2
Liberia,2010,91.7
Lebanon,2010,90.9
Burkina Faso,2010,90.7
Uzbekistan,2010,90.5
Georgia,2010,90.4
Tajikistan,2010,89.2
Mauritania,2010,89.1
Cambodia,2010,88.7
Laos,2010,88.7
Rwanda,2010,88.7
Solomon Islands,2010,88.6
Equatorial Guinea,2010,88.5
Kyrgyz Republic,2010,88.4
Colombia,2010,88.2
Togo,2010,88.1
Syria,2010,87.9
Egypt,2010,87.6
Bhutan,2010,87.3
Philippines,2010,87.1
Comoros,2010,85.1
Bolivia,2010,84.9
Israel and West Bank,2010,84.6
Azerbaijan,2010,84.4
Papua New Guinea,2010,83.9
Zambia,2010,83.9
Moldova,2010,83.8
Angola,2010,83.7
Bosnia and Herzegovina,2010,83.5
Indonesia,2010,83.1
China,2010,83.0
Swaziland,2010,82.8
Madagascar,2010,82.6
Nicaragua,2010,82.5
Turkmenistan,2010,82.5
Lesotho,2010,82.2
Djibouti,2010,81.9
Ecuador,2010,81.7
Mozambique,2010,81.7
Algeria,2010,81.3
Guatemala,2010,81.2
Tanzania,2010,81.2
Fiji,2010,80.5
Gambia,2010,80.2
Honduras,2010,80.0
Cuba,2010,79.4
Mali,2010,79.3
India,2010,79.2
Russia,2010,79.0
Thailand,2010,78.8
Belarus,2010,78.7
Venezuela,2010,78.7
Maldives,2010,78.3
El Salvador,2010,78.1
Serbia,2010,77.8
Saudi Arabia,2010,77.5
Cape Verde,2010,77.2
Turkey,2010,77.1
Jordan,2010,77.0
Morocco,2010,77.0
Peru,2010,76.9
Benin,2010,76.8
Dominican Republic,2010,76.8
Vietnam,2010,76.6
Mexico,2010,76.1
Sao Tome and Principe,2010,75.8
Gabon,2010,75.3
Senegal,2010,74.6
Namibia,2010,74.5
Armenia,2010,74.1
Guyana,2010,73.0
Kazakhstan,2010,72.7
Macedonia,2010,72.7
Suriname,2010,72.5
Paraguay,2010,72.1
Samoa,2010,71.1
Micronesia,2010,70.6
Ukraine,2010,69.5
Malaysia,2010,69.2
Libya,2010,69.1
Belize,2010,68.7
Botswana,2010,68.6
Cyprus,2010,68.0
Seychelles,2010,67.9
South Africa,2010,67.9
Brunei Darussalam,2010,67.6
Tunisia,2010,67.5
Brazil,2010,67.4
Jamaica,2010,67.4
Albania,2010,67.1
Ghana,2010,67.1
Grenada,2010,67.0
Trinidad and Tobago,2010,66.1
Kuwait,2010,61.5
Bulgaria,2010,61.2
Antigua and Barbuda,2010,60.9
Romania,2010,60.2
Mongolia,2010,60.1
Panama,2010,59.3
Croatia,2010,59.0
Bahamas,2010,58.9
Bahrain,2010,58.8
Montenegro,2010,57.3
Barbados,2010,55.4
Latvia,2010,55.4
United Arab Emirates,2010,52.4
Costa Rica,2010,52.0
Qatar,2010,51.8
Estonia,2010,50.7
Hungary,2010,50.1
Poland,2010,49.0
Slovak Republic,2010,48.8
Oman,2010,48.7
Malta,2010,48.2
Lithuania,2010,47.8
Greece,2010,45.9
Argentina,2010,45.8
Italy,2010,45.7
Mauritius,2010,44.4
Spain,2010,43.5
Czech Republic,2010,41.5
South Korea,2010,41.3
Uruguay,2010,41.3
Chile,2010,38.0
Slovenia,2010,36.0
Germany,2010,35.4
United States,2010,35.3
France,2010,34.9
Singapore,2010,34.8
United Kingdom,2010,33.9
Portugal,2010,33.1
Belgium,2010,32.0
Japan,2010,31.3
Iceland,2010,29.8
Canada,2010,27.9
Netherlands,2010,27.9
Australia,2010,27.3
Luxembourg,2010,27.3
Austria,2010,27.2
New Zealand,2010,23.9
Denmark,2010,22.9
Ireland,2010,22.4
Switzerland,2010,21.8
Sweden,2010,20.9
Finland,2010,19.3
Norway,2010,18.7
Somalia,2012,114.9
Congo Democratic Republic,2012,111.2
Sudan,2012,109.4
South Sudan,2012,108.4
Chad,2012,107.6
Zimbabwe,2012,106.3
Afghanistan,2012,106.0
Haiti,2012,104.9
Yemen,2012,104.8
Iraq,2012,104.3
Central African Republic,2012,103.8
Cote d'Ivoire,2012,103.6
Guinea,2012,101.9
Pakistan,2012,101.6
Nigeria,2012,101.1
Guinea Bissau,2012,99.2
Kenya,2012,98.4
Ethiopia,2012,97.9
Burundi,2012,97.5
Niger,2012,96.9
Uganda,2012,96.5
Myanmar,2012,96.2
North Korea,2012,95.5
Eritrea,2012,94.5
Syria,2012,94.5
Liberia,2012,93.3
Cameroon,2012,93.1
Nepal,2012,93.0
Timor-Leste,2012,92.7
Bangladesh,2012,92.2
Sri Lanka,2012,92.2
Egypt,2012,90.4
Sierra Leone,2012,90.4
Congo Republic,2012,90.1
Iran,2012,89.6
Rwanda,2012,89.3
Malawi,2012,88.8
Cambodia,2012,88.7
Mauritania,2012,87.6
Togo,2012,87.5
Uzbekistan,2012,87.5
Burkina Faso,2012,87.4
Kyrgyz Republic,2012,87.4
Equatorial Guinea,2012,86.3
Zambia,2012,85.9
Lebanon,2012,85.8
Tajikistan,2012,85.7
Solomon Islands,2012,85.6
Laos,2012,85.5
Angola,2012,85.1
Libya,2012,84.9
Georgia,2012,84.8
Colombia,2012,84.4
Djibouti,2012,83.8
Papua New Guinea,2012,83.7
Swaziland,2012,83.5
Philippines,2012,83.2
Comoros,2012,83.0
Madagascar,2012,82.5
Bhutan,2012,82.4
Mozambique,2012,82.4
Israel and West Bank,2012,82.2
Bolivia,2012,82.1
Gambia,2012,80.6
Indonesia,2012,80.6
Fiji,2012,80.5
Tanzania,2012,80.4
Ecuador,2012,80.1
Azerbaijan,2012,79.8
Nicaragua,2012,79.6
Guatemala,2012,79.4
Senegal,2012,79.3
Lesotho,2012,79.0
Moldova,2012,78.7
Benin,2012,78.6
Honduras,2012,78.5
China,2012,78.3
Algeria,2012,78.1
India,2012,78.0
Bosnia and Herzegovina,2012,77.9
Mali,2012,77.9
Turkmenistan,2012,77.4
Venezuela,2012,77.3
Russia,2012,77.1
Thailand,2012,77.0
Belarus,2012,76.6
Turkey,2012,76.6
Morocco,2012,76.1
Maldives,2012,75.1
Serbia,2012,75.0
Jordan,2012,74.8
Cape Verde,2012,74.7
Gabon,2012,74.6
El Salvador,2012,74.4
Tunisia,2012,74.2
Dominican Republic,2012,74.1
Vietnam,2012,74.0
Sao Tome and Principe,2012,73.9
Mexico,2012,73.6
Peru,2012,73.5
Saudi Arabia,2012,73.4
Cuba,2012,73.1
Armenia,2012,72.2
Micronesia,2012,71.9
Guyana,2012,71.4
Suriname,2012,71.2
Namibia,2012,71.0
Kazakhstan,2012,70.9
Paraguay,2012,70.9
Macedonia,2012,69.1
Malaysia,2012,68.5
Samoa,2012,68.5
Ghana,2012,67.5
Belize,2012,67.2
Ukraine,2012,67.2
Cyprus,2012,66.8
South Africa,2012,66.8
Botswana,2012,66.5
Albania,2012,66.1
Jamaica,2012,65.8
Seychelles,2012,65.1
Grenada,2012,65.0
Trinidad and Tobago,2012,64.4
Brazil,2012,64.1
Brunei Darussalam,2012,64.1
Bahrain,2012,62.2
Romania,2012,59.5
Antigua and Barbuda,2012,58.9
Kuwait,2012,58.8
Mongolia,2012,58.7
Bulgaria,2012,56.3
Croatia,2012,56.3
Panama,2012,56.1
Montenegro,2012,55.5
Bahamas,2012,55.1
Barbados,2012,52.0
Latvia,2012,51.9
Oman,2012,51.7
Greece,2012,50.4
Costa Rica,2012,49.7
United Arab Emirates,2012,48.9
Hungary,2012,48.3
Qatar,2012,48.0
Estonia,2012,47.5
Slovak Republic,2012,47.4
Argentina,2012,46.5
Italy,2012,45.8
Mauritius,2012,44.7
Poland,2012,44.3
Lithuania,2012,44.2
Malta,2012,43.8
Chile,2012,43.5
Japan,2012,43.5
Spain,2012,42.8
Uruguay,2012,40.5
Czech Republic,2012,39.5
South Korea,2012,37.6
Singapore,2012,35.6
United Kingdom,2012,35.3
United States,2012,34.8
Portugal,2012,34.2
Slovenia,2012,34.0
France,2012,33.6
Belgium,2012,33.5
Germany,2012,31.7
Australia,2012,29.2
Iceland,2012,29.1
Netherlands,2012,28.1
Austria,2012,27.5
Canada,2012,26.8
Ireland,2012,26.5
New Zealand,2012,25.6
Luxembourg,2012,25.5
Norway,2012,23.9
Switzerland,2012,23.3
Denmark,2012,23.0
Sweden,2012,21.3
Finland,2012,20.0
Sudan,2006,112.3
Congo Democratic Republic,2006,110.1
Cote d'Ivoire,2006,109.2
Iraq,2006,109.0
Zimbabwe,2006,108.9
Chad,2006,105.9
Somalia,2006,105.9
Haiti,2006,104.6
Pakistan,2006,103.1
Afghanistan,2006,99.8
Guinea,2006,99.0
Liberia,2006,99.0
Central African Republic,2006,97.5
North Korea,2006,97.3
Burundi,2006,96.7
Sierra Leone,2006,96.6
Yemen,2006,96.6
Myanmar,2006,96.5
Bangladesh,2006,96.3
Nepal,2006,95.4
Uganda,2006,94.5
Nigeria,2006,94.4
Uzbekistan,2006,94.4
Rwanda,2006,92.9
Sri Lanka ,2006,92.4
Ethiopia,2006,91.9
Colombia,2006,91.8
Kyrgyz Republic,2006,90.3
Malawi,2006,89.8
Burkina Faso,2006,89.7
Egypt,2006,89.5
Indonesia,2006,89.2
Kenya,2006,88.6
Syria,2006,88.6
Bosnia and Herzegovina,2006,88.5
Cameroon,2006,88.4
Angola,2006,88.3
Togo,2006,88.3
Bhutan,2006,87.9
Laos,2006,87.9
Mauritania,2006,87.8
Tajikistan,2006,87.7
Russia,2006,87.1
Niger ,2006,87.0
Turkmenistan,2006,86.1
Guinea Bissau,2006,85.4
Cambodia ,2006,85.0
Dominican Republic,2006,85.0
Papua New Guinea ,2006,84.6
Belarus,2006,84.5
Guatemala,2006,84.3
Equatorial Guinea,2006,84.0
Iran,2006,84.0
Eritrea,2006,83.9
Serbia  ,2006,83.8
Bolivia,2006,82.9
China,2006,82.5
Moldova,2006,82.5
Nicaragua ,2006,82.4
Georgia ,2006,82.2
Azerbaijan,2006,81.9
Cuba,2006,81.9
Ecuador,2006,81.2
Venezuela,2006,81.2
Lebanon,2006,80.5
Zambia,2006,79.6
Israel and West Bank,2006,79.4
Peru,2006,79.2
Philippines,2006,79.2
Vietnam,2006,78.6
Tanzania,2006,78.3
Algeria,2006,77.8
Saudi Arabia,2006,77.2
Jordan ,2006,77.0
Honduras,2006,76.7
Morocco,2006,76.5
El Salvador,2006,76.1
Macedonia ,2006,75.1
Thailand,2006,74.9
Mozambique,2006,74.8
Mali ,2006,74.6
Turkey,2006,74.4
Gambia,2006,74.0
Gabon,2006,73.6
Mexico,2006,73.1
Ukraine,2006,72.9
Paraguay,2006,72.0
Kazakhstan,2006,71.9
Armenia ,2006,71.5
Benin,2006,70.9
Namibia ,2006,70.7
Cyprus ,2006,70.5
India,2006,70.4
Albania,2006,68.6
Libya,2006,68.5
Botswana,2006,66.9
Jamaica ,2006,66.8
Malaysia,2006,66.1
Senegal ,2006,66.1
Tunisia,2006,65.4
Brazil,2006,63.1
Romania ,2006,62.6
Bulgaria,2006,62.1
Croatia ,2006,61.9
Kuwait ,2006,60.8
Ghana ,2006,60.5
Panama ,2006,59.6
Mongolia ,2006,58.4
Latvia,2006,56.2
South Africa ,2006,55.7
Estonia ,2006,51.0
Slovak Republic,2006,49.9
Lithuania,2006,49.7
Costa Rica,2006,49.6
Poland,2006,47.9
Hungary,2006,46.7
Oman ,2006,43.8
Mauritius ,2006,41.9
Czech Republic,2006,41.8
Uruguay ,2006,41.2
Greece ,2006,41.1
Argentina,2006,40.8
South Korea,2006,39.9
Germany ,2006,39.7
Spain ,2006,37.4
Slovenia ,2006,36.8
Italy ,2006,35.1
United States,2006,34.5
France,2006,34.3
United Kingdom,2006,34.2
Portugal ,2006,32.7
Chile ,2006,32.0
Singapore ,2006,30.8
Netherlands ,2006,28.1
Japan ,2006,28.0
Austria ,2006,26.1
Denmark,2006,24.8
Belgium,2006,24.0
Canada ,2006,23.1
Australia,2006,22.0
New Zealand ,2006,19.4
Switzerland ,2006,18.7
Ireland ,2006,18.6
Finland ,2006,18.2
Sweden ,2006,18.2
Norway ,2006,16.8
Sudan,2007,113.7
Iraq,2007,111.4
Somalia,2007,111.1
Zimbabwe,2007,110.1
Chad,2007,108.8
Cote d'Ivoire,2007,107.3
Congo Democratic Republic,2007,105.5
Afghanistan,2007,102.3
Guinea,2007,101.3
Central African Republic,2007,101.0
Haiti,2007,100.9
Pakistan,2007,100.1
North Korea,2007,97.7
Myanmar,2007,97.0
Uganda,2007,96.4
Bangladesh,2007,95.9
Nigeria,2007,95.6
Ethiopia,2007,95.3
Burundi,2007,95.2
Timor-Leste,2007,94.9
Nepal,2007,93.6
Uzbekistan,2007,93.5
Sierra Leone,2007,93.4
Yemen,2007,93.2
Sri Lanka,2007,93.1
Congo Republic,2007,93.0
Liberia,2007,92.9
Lebanon,2007,92.4
Malawi,2007,92.2
Solomon Islands,2007,92.0
Kenya,2007,91.3
Niger,2007,91.2
Burkina Faso,2007,89.7
Colombia,2007,89.7
Cameroon,2007,89.4
Egypt,2007,89.2
Rwanda,2007,89.2
Guinea Bissau,2007,88.8
Tajikistan,2007,88.7
Syria,2007,88.6
Equatorial Guinea,2007,88.2
Kyrgyz Republic,2007,88.2
Turkmenistan,2007,87.5
Laos,2007,87.2
Mauritania,2007,86.7
Togo,2007,86.6
Bhutan,2007,86.4
Cambodia,2007,85.7
Moldova,2007,85.7
Eritrea,2007,85.5
Belarus,2007,85.2
Papua New Guinea,2007,85.1
Angola,2007,84.9
Bosnia and Herzegovina,2007,84.5
Indonesia,2007,84.4
Philippines,2007,83.2
Iran,2007,82.8
Georgia,2007,82.3
Bolivia,2007,82.0
Guatemala,2007,81.4
Swaziland,2007,81.3
Azerbaijan,2007,81.2
China,2007,81.2
Lesotho,2007,81.2
Russia,2007,81.2
Cape Verde,2007,81.1
Maldives,2007,81.1
Serbia  ,2007,81.1
Dominican Republic,2007,80.6
Zambia,2007,80.6
Djibouti,2007,80.3
Nicaragua,2007,80.0
Ecuador,2007,79.9
Venezuela,2007,79.8
Israel and West Bank,2007,79.6
Tanzania,2007,79.3
Cuba,2007,78.6
Sao Tome and Principe,2007,78.6
Comoros,2007,77.8
Vietnam,2007,77.8
Mozambique,2007,76.9
Jordan,2007,76.6
Madagascar,2007,76.5
Saudi Arabia,2007,76.5
Peru,2007,76.4
Gambia,2007,76.0
Morocco,2007,76.0
Thailand,2007,76.0
Algeria,2007,75.9
Fiji,2007,75.7
Mali,2007,75.5
El Salvador,2007,74.9
Turkey,2007,74.9
Honduras,2007,74.8
Macedonia,2007,74.1
Suriname,2007,73.9
Samoa,2007,73.8
Micronesia,2007,73.5
Gabon,2007,73.3
Guyana,2007,73.3
Paraguay,2007,72.9
Mexico,2007,72.6
Kazakhstan,2007,72.3
Benin,2007,72.0
Grenada,2007,71.6
Ukraine,2007,71.4
Namibia,2007,71.3
Seychelles,2007,71.3
Brunei Darussalam,2007,71.2
India,2007,70.8
Albania,2007,70.5
Armenia,2007,70.3
Cyprus,2007,70.2
Belize,2007,69.8
Libya,2007,69.3
Trinidad and Tobago,2007,67.6
Brazil,2007,66.9
Senegal,2007,66.9
Botswana,2007,66.4
Malaysia,2007,65.9
Antigua and Barbuda,2007,65.7
Tunisia,2007,65.6
Jamaica,2007,65.1
Kuwait,2007,62.1
Ghana,2007,61.9
Romania,2007,60.9
Croatia,2007,60.5
Bulgaria,2007,60.3
Bahamas,2007,60.1
Barbados,2007,59.9
Panama,2007,59.4
Mongolia,2007,58.4
South Africa,2007,57.4
Bahrain,2007,57.0
Latvia,2007,56.7
Montenegro,2007,55.6
Qatar,2007,53.6
United Arab Emirates,2007,51.6
Hungary,2007,51.2
Costa Rica,2007,50.5
Estonia,2007,50.5
Slovak Republic,2007,49.3
Lithuania,2007,49.0
Malta,2007,48.5
Poland,2007,47.6
Oman,2007,45.5
Greece,2007,43.5
Mauritius,2007,42.7
Czech Republic,2007,42.1
Argentina,2007,41.4
Uruguay,2007,40.9
South Korea,2007,39.7
Spain,2007,39.2
Germany,2007,38.4
Slovenia,2007,37.5
Italy,2007,37.1
France,2007,34.1
United Kingdom,2007,34.1
Chile,2007,33.8
United States,2007,33.6
Singapore,2007,33.0
Portugal,2007,32.4
Netherlands,2007,28.6
Japan,2007,28.5
Luxembourg,2007,28.1
Austria,2007,26.0
Belgium,2007,25.5
Canada,2007,25.1
Australia,2007,23.2
Denmark,2007,22.2
Iceland,2007,21.1
New Zealand,2007,20.5
Switzerland,2007,20.2
Ireland,2007,19.5
Sweden,2007,19.3
Finland,2007,18.5
Norway,2007,17.1
Somalia,2013,113.9
Congo Democratic Republic,2013,111.9
Sudan,2013,111.0
South Sudan,2013,110.6
Chad,2013,109.0
Yemen,2013,107.0
Afghanistan,2013,106.7
Haiti,2013,105.8
Central African Republic,2013,105.3
Zimbabwe,2013,105.2
Iraq,2013,103.9
Cote d'Ivoire,2013,103.5
Pakistan,2013,102.9
Guinea,2013,101.3
Guinea Bissau,2013,101.1
Nigeria,2013,100.7
Kenya,2013,99.6
Niger,2013,99.0
Ethiopia,2013,98.9
Burundi,2013,97.6
Syria,2013,97.4
Uganda,2013,96.6
Liberia,2013,95.1
North Korea,2013,95.1
Eritrea,2013,95.0
Myanmar,2013,94.6
Cameroon,2013,93.5
Sri Lanka,2013,92.9
Bangladesh,2013,92.5
Nepal,2013,91.8
Mauritania,2013,91.7
Timor-Leste,2013,91.5
Sierra Leone,2013,91.2
Egypt,2013,90.6
Burkina Faso,2013,90.2
Congo Republic,2013,90.0
Iran,2013,89.7
Mali,2013,89.3
Rwanda,2013,89.3
Malawi,2013,89.2
Cambodia,2013,88.0
Togo,2013,87.8
Angola,2013,87.1
Uzbekistan,2013,86.9
Zambia,2013,86.6
Lebanon,2013,86.3
Equatorial Guinea,2013,86.1
Kyrgyz Republic,2013,85.7
Swaziland,2013,85.6
Djibouti,2013,85.5
Solomon Islands,2013,85.2
Tajikistan,2013,85.2
Papua New Guinea,2013,84.9
Libya,2013,84.5
Georgia,2013,84.2
Comoros,2013,84.0
Colombia,2013,83.8
Laos,2013,83.7
Mozambique,2013,82.8
Philippines,2013,82.8
Madagascar,2013,82.7
Bhutan,2013,81.8
Gambia,2013,81.8
Senegal,2013,81.4
Tanzania,2013,81.1
China,2013,80.9
Bolivia,2013,80.8
Fiji,2013,80.8
Israel and West Bank,2013,80.8
Guatemala,2013,80.7
Lesotho,2013,79.4
Nicaragua,2013,79.2
Algeria,2013,78.7
Ecuador,2013,78.6
Honduras,2013,78.3
Azerbaijan,2013,78.2
Indonesia,2013,78.2
Benin,2013,77.9
India,2013,77.5
Russia,2013,77.1
Belarus,2013,76.7
Turkmenistan,2013,76.7
Bosnia and Herzegovina,2013,76.5
Moldova,2013,76.5
Tunisia,2013,76.5
Turkey,2013,75.9
Jordan,2013,75.7
Maldives,2013,75.4
Venezuela,2013,75.3
Thailand,2013,75.1
Sao Tome and Principe,2013,74.6
Serbia,2013,74.4
Morocco,2013,74.3
Cape Verde,2013,73.7
Dominican Republic,2013,73.2
El Salvador,2013,73.2
Mexico,2013,73.1
Vietnam,2013,73.1
Gabon,2013,72.9
Micronesia,2013,72.9
Cuba,2013,72.8
Saudi Arabia,2013,72.7
Peru,2013,72.3
Paraguay,2013,71.8
Armenia,2013,71.3
Suriname,2013,71.2
Guyana,2013,70.8
Namibia,2013,70.4
Kazakhstan,2013,69.8
Ghana,2013,69.1
Samoa,2013,68.7
Macedonia,2013,68.0
South Africa,2013,67.6
Belize,2013,67.2
Cyprus,2013,67.0
Malaysia,2013,66.1
Ukraine,2013,65.9
Jamaica,2013,65.6
Albania,2013,65.2
Grenada,2013,64.6
Botswana,2013,64.0
Seychelles,2013,64.0
Brunei Darussalam,2013,63.2
Bahrain,2013,62.9
Trinidad and Tobago,2013,62.6
Brazil,2013,62.1
Kuwait,2013,59.6
Antigua and Barbuda,2013,58.0
Mongolia,2013,57.8
Romania,2013,57.4
Panama,2013,55.8
Bulgaria,2013,55.0
Bahamas,2013,54.7
Montenegro,2013,54.4
Croatia,2013,54.1
Oman,2013,52.0
Barbados,2013,50.8
Greece,2013,50.6
Costa Rica,2013,48.7
Latvia,2013,47.9
Hungary,2013,47.6
United Arab Emirates,2013,47.3
Qatar,2013,47.1
Argentina,2013,46.1
Estonia,2013,45.3
Slovak Republic,2013,45.3
Italy,2013,44.6
Mauritius,2013,44.5
Spain,2013,44.4
Lithuania,2013,43.0
Malta,2013,42.4
Chile,2013,42.3
Poland,2013,40.9
Czech Republic,2013,39.9
Uruguay,2013,38.4
Japan,2013,36.1
South Korea,2013,35.4
Singapore,2013,34.0
United States,2013,33.5
United Kingdom,2013,33.2
France,2013,32.6
Portugal,2013,32.6
Slovenia,2013,32.3
Belgium,2013,30.9
Germany,2013,29.7
Austria,2013,26.9
Netherlands,2013,26.9
Canada,2013,26.0
Australia,2013,25.4
Ireland,2013,24.8
Iceland,2013,24.7
Luxembourg,2013,23.3
New Zealand,2013,22.7
Denmark,2013,21.9
Norway,2013,21.5
Switzerland,2013,21.5
Sweden,2013,19.7
Finland,2013,18.0
